SPECIES,DATEPLANT,LAT,LONG,COUNT,UNIQUE,COLOR,HEIGHT,DIAM,TOTAL,YEAR,PLANTED
MALUS 'REDBUD',2016,42.6933239,-71.14921983,5,MALUS 'REDBUD',1,15 to 20,4,25,2015,null
MALUS 'REDBUD',2016,42.69329308,-71.14916501,5,ACER RUBRUM ARMSTRONG,2,15 to 20,4,64,2016,1740
MALUS 'REDBUD',2016,42.69329867,-71.14944508,5,LIRIODENDRON TULIPIFERA,3,15 to 20,4,324,2017,3855
MALUS 'REDBUD',2016,42.6932696,-71.14948288,5,LIQUIDAMBAR STYRACIFULA 'HAPPIDAZE',4,15 to 20,4,121,2018,9614
MALUS 'REDBUD',2016,42.69326766,-71.14954238,5,METASEQUOIA GLYPTOSTROBOIDES,5,15 to 20,4,36,2019,3647
ACER RUBRUM ARMSTRONG,2016,42.69348549,-71.14837597,8,CLADASTRIS KENTUCKEA,6,15 to 20,4,256,2020,3782
ACER RUBRUM ARMSTRONG,2016,42.69354538,-71.14840014,8,ACER RUBRUM 'RED SUNSET',7,15 to 20,4,16,2021,1862
ACER RUBRUM ARMSTRONG,2016,42.69360522,-71.14841043,8,PLATANUS ACERIFOLIA,8,15 to 20,4,3721,2022,3623
ACER RUBRUM ARMSTRONG,2016,42.69367433,-71.14841905,8,GLEDITSIA TRIACANTHOS,9,15 to 20,4,5776,2023,null
ACER RUBRUM ARMSTRONG,2016,42.69373393,-71.14842868,8,PRYUS CHANTICLEAR,10,15 to 20,4,1,,
ACER RUBRUM ARMSTRONG,2016,42.69379586,-71.14843734,8,ULMUS AMERICANA,11,15 to 20,4,7056,,
ACER RUBRUM ARMSTRONG,2016,42.69392407,-71.14845205,8,PLATANUS OCCIDENTALIS,12,15 to 20,4,64,,
ACER RUBRUM ARMSTRONG,2016,42.69385946,-71.14843824,8,CELIS OCCIDENTALIS,13,15 to 20,4,4,,
LIRIODENDRON TULIPIFERA,2016,42.69432261,-71.14871069,18,GYMNOCLADUS DIOICUS,14,15 to 20,4,289,,
LIRIODENDRON TULIPIFERA,2016,42.69427243,-71.1487753,18,ACER RUBRUM,15,15 to 20,4,1521,,
LIRIODENDRON TULIPIFERA,2016,42.69420695,-71.14882066,18,QUERCUS RUBRA,16,15 to 20,4,729,,
LIRIODENDRON TULIPIFERA,2016,42.69411508,-71.14893918,18,TILIA TOMENTOSA,17,15 to 20,4,169,,
LIRIODENDRON TULIPIFERA,2016,42.69408528,-71.14884859,18,QUERCUS BICOLOR,18,15 to 20,4,324,,
LIQUIDAMBAR STYRACIFULA 'HAPPIDAZE',2016,42.69401075,-71.14876817,11,STYPHNOLOBIUM JAPONICUM,19,15 to 20,4,9,,
LIQUIDAMBAR STYRACIFULA 'HAPPIDAZE',2016,42.69401339,-71.14871,11,BETULA NIGRA,20,15 to 20,4,441,,
LIQUIDAMBAR STYRACIFULA 'HAPPIDAZE',2016,42.69401935,-71.14863762,11,GLEDITSIA INERMIS,21,15 to 20,4,64,,
LIQUIDAMBAR STYRACIFULA 'HAPPIDAZE',2016,42.69402381,-71.14855067,11,PRUNUS SARGENTII,22,15 to 20,4,49,,
LIRIODENDRON TULIPIFERA,2016,42.69414669,-71.14936596,18,ACER FREEMANII 'ARMSTRONG',23,15 to 20,4,441,,
LIRIODENDRON TULIPIFERA,2016,42.69408685,-71.14936245,18,AESCULUS CARNEA 'BRIOTII',24,15 to 20,4,25,,
METASEQUOIA GLYPTOSTROBOIDES,2016,42.69403581,-71.14935373,6,GINKGO BILOBA,25,15 to 20,4,196,,
METASEQUOIA GLYPTOSTROBOIDES,2016,42.69401758,-71.14928507,6,TAXODIUM DISTICHUM,26,15 to 20,4,196,,
METASEQUOIA GLYPTOSTROBOIDES,2016,42.69405961,-71.14923441,6,CARPINUS BETULUS FASTIGIATA,27,15 to 20,4,1,,
CLADASTRIS KENTUCKEA,2016,42.69416221,-71.14885064,16,OXYDENDRUM ARBOREUM,28,15 to 20,4,4,,
CLADASTRIS KENTUCKEA,2016,42.69410079,-71.14900634,16,SYRINGA RETICULATA,29,15 to 20,4,2025,,
CLADASTRIS KENTUCKEA,2016,42.6940715,-71.14905958,16,JUNIPERUS VIRGINIANA,30,15 to 20,4,1,,
CLADASTRIS KENTUCKEA,2016,42.69402288,-71.14908075,16,LIQUIDAMBAR STYRACIFLUA,31,15 to 20,4,1089,,
LIQUIDAMBAR STYRACIFULA 'HAPPIDAZE',2016,42.69392626,-71.14952503,11,CORYLUS COLURNA,32,15 to 20,4,16,,
LIQUIDAMBAR STYRACIFULA 'HAPPIDAZE',2016,42.69393315,-71.14945684,11,CERCIS CANADENSIS,33,15 to 20,4,64,,
LIQUIDAMBAR STYRACIFULA 'HAPPIDAZE',2016,42.6939415,-71.14939416,11,CORNUS RUTGERS HYBRID,34,15 to 20,4,64,,
LIQUIDAMBAR STYRACIFULA 'HAPPIDAZE',2016,42.69395028,-71.14931917,11,ZELKOVA SERRATA,35,15 to 20,4,81,,
LIQUIDAMBAR STYRACIFULA 'HAPPIDAZE',2016,42.69396031,-71.14922321,11,TILIA CORDATA,36,15 to 20,4,16,,
LIQUIDAMBAR STYRACIFULA 'HAPPIDAZE',2016,42.69397007,-71.14914571,11,QUERCUS PALUSTRIS FASTIGIATE,37,15 to 20,4,4,,
LIQUIDAMBAR STYRACIFULA 'HAPPIDAZE',2016,42.69397349,-71.14907086,11,ACER FREEMANII ,38,15 to 20,4,16,,
ACER RUBRUM 'RED SUNSET',2016,42.69402267,-71.1484698,4,CELTIS OCCIDENTALIS,39,15 to 20,4,225,,
ACER RUBRUM 'RED SUNSET',2016,42.6940773,-71.14847271,4,CORNUS KOUSA (RUTGERS STELLAR PINK),40,15 to 20,4,25,,
ACER RUBRUM 'RED SUNSET',2016,42.69412862,-71.14848013,4,FAGUS GRANDIFOLIA,41,15 to 20,4,4,,
ACER RUBRUM 'RED SUNSET',2016,42.69417301,-71.14848694,4,GLEDITSIA TRIACANTHOS v. INERMIS,42,15 to 20,4,400,,
PLATANUS ACERIFOLIA,2016,42.71420333,-71.15630974,61,NYSSA SYLVATICA,43,15 to 20,4,64,,
PLATANUS ACERIFOLIA,2016,42.71421813,-71.15624151,61,QUERCUS PALUSTRIS,44,15 to 20,4,196,,
PLATANUS ACERIFOLIA,2016,42.71423169,-71.15615455,61,TILIA AMERICANA,45,15 to 20,4,361,,
GLEDITSIA TRIACANTHOS,2016,42.71401384,-71.1561018,76,PRUNUS x YEDOENSIS,46,15 to 20,4,4,,
GLEDITSIA TRIACANTHOS,2016,42.71395599,-71.15611278,76,PARROTIA PERSICA,47,15 to 20,4,36,,
GLEDITSIA TRIACANTHOS,2016,42.71389039,-71.15607922,76,PRUNUS SARGENTII FASTIGIATA,48,15 to 20,4,4,,
METASEQUOIA GLYPTOSTROBOIDES,2016,42.7137039,-71.1559995,6,QUERCUS COCCINEA,49,15 to 20,4,9,,
METASEQUOIA GLYPTOSTROBOIDES,2016,42.71365494,-71.15603529,6,STYRAX JAPNICUS ,50,15 to 20,4,9,,
METASEQUOIA GLYPTOSTROBOIDES,2016,42.71365135,-71.15594972,6,PRUNUS CERASIFERA KV,51,15 to 20,4,16,,
GLEDITSIA TRIACANTHOS,2016,42.71400823,-71.15629886,76,CRATAEGUS (THORNLESS),52,15 to 20,4,1,,
GLEDITSIA TRIACANTHOS,2016,42.71394635,-71.1563147,76,OSTRYA VIRGINIANA,53,15 to 20,4,4,,
GLEDITSIA TRIACANTHOS,2016,42.71388615,-71.15633538,76,TAXODIUM,54,15 to 20,4,9,,
GLEDITSIA TRIACANTHOS,2016,42.7138309,-71.15633665,76,"CERCIS CANADENSIS ""MINNESOTA""",55,15 to 20,4,1,,
GLEDITSIA TRIACANTHOS,2016,42.71376661,-71.15634249,76,MAACKIA AMURENSIS,56,15 to 20,4,361,,
GLEDITSIA TRIACANTHOS,2016,42.71369258,-71.15635614,76,PRUNUS YEDOENSIS,57,15 to 20,4,4,,
GLEDITSIA TRIACANTHOS,2016,42.71360687,-71.15636952,76,AMELANCHIER LAEVIS,58,15 to 20,4,16,,
PRYUS CHANTICLEAR,2016,42.71437925,-71.15627907,1,ACER FREEMANII FASTIGIATA,59,15 to 20,4,4,,
PLATANUS ACERIFOLIA,2016,42.71446506,-71.1558206,61,METASEQUOIA G.,60,15 to 20,4,1,,
LIRIODENDRON TULIPIFERA,2016,42.69403406,-71.14885112,18,BETULA NIGRA 'DURAHEAT' SINGLE STEM,61,15 to 20,4,4,,
LIRIODENDRON TULIPIFERA,2016,42.69437254,-71.14854604,18,CARPINUS CAROLINIANA,62,15 to 20,4,1,,
LIRIODENDRON TULIPIFERA,2016,42.69434592,-71.14864176,18,QUERCUS BICOLOR 'FASTIGIA',63,15 to 20,4,36,,
ULMUS AMERICANA,2016,42.69523302,-71.14834996,84,ZELOKOVA SERRATA 'MUSASHINO',64,15 to 20,4,81,,
ULMUS AMERICANA,2016,42.69546532,-71.14837288,84,ACER CAMPESTRE,65,15 to 20,4,9,,
PLATANUS ACERIFOLIA,2016,42.71422987,-71.15617018,61,NYSSA SYLVATICA 'WILDFIRE',66,15 to 20,4,1,,
ULMUS AMERICANA,2017,42.71490979,-71.1662484,84,CERCIS CANADENSIS 'MINNESOTA',67,15 to 20,4,4,,
ULMUS AMERICANA,2017,42.71491607,-71.16613859,84,SYRINGA RETICULATA 'IVORY SILK',68,15 to 20,4,9,,
PLATANUS OCCIDENTALIS,2017,42.71492445,-71.16600098,8,LIQUIDAMBAR STYRACIFLUA 'MORAINE',69,15 to 20,4,4,,
PLATANUS OCCIDENTALIS,2017,42.71493336,-71.16586978,8,BETULA NIGRA (MULTISTEM),70,15 to 20,4,9,,
PLATANUS OCCIDENTALIS,2017,42.71495275,-71.16555604,8,ZELKOVA SERRATA 'MUSASHINO',71,15 to 20,4,4,,
PLATANUS OCCIDENTALIS,2017,42.71495903,-71.16543197,8,AMELANCHIER x GRANDIFLORA,72,15 to 20,4,1,,
PLATANUS OCCIDENTALIS,2017,42.71497684,-71.16510255,8,PLATANUS ACERIFOLIA 'BLOODGOD',73,15 to 20,4,1,,
ULMUS AMERICANA,2017,42.71769454,-71.16974767,84,PRUNUS SARGENTII 'FASTIGIATA',74,15 to 20,4,4,,
ULMUS AMERICANA,2017,42.71769978,-71.16963929,84,TILIA AMERICANA 'REDMOND',75,15 to 20,4,1,,
ULMUS AMERICANA,2017,42.71771026,-71.16949811,84,AMELANCHIER LAEVIS 'CUMULUS',76,15 to 20,4,1,,
CELIS OCCIDENTALIS,2017,42.71787371,-71.16969348,2,AMELANCHIER GRANDIFLORA,77,15 to 20,4,4,,
CELIS OCCIDENTALIS,2017,42.71787999,-71.16960078,2,MACLURA POMIFERA 'WHITE SHIELD',78,15 to 20,4,16,,
GYMNOCLADUS DIOICUS,2017,42.71796486,-71.16993591,17,ACER RUBRUM 'OCTOBER GLORY',79,15 to 20,4,4,,
GYMNOCLADUS DIOICUS,2017,42.71791562,-71.16992878,17,QUERCUS PALUSTRIS 'REGAL PRINCE',80,15 to 20,4,1,,
GYMNOCLADUS DIOICUS,2017,42.71785485,-71.16992308,17,ULMUS AMERICANA 'PATRIOT',81,15 to 20,4,9,,
GYMNOCLADUS DIOICUS,2017,42.71778989,-71.16991452,17,ACER TARTARICUM,82,15 to 20,4,4,,
ACER RUBRUM,2017,42.71383592,-71.16248687,39,GLEDITSIA TRIACANTHOS 'STREETKEEPER',83,15 to 20,4,289,,
ACER RUBRUM,2017,42.71378842,-71.16232715,39,PRUNUS CERASIFERA,84,15 to 20,4,1,,
ACER RUBRUM,2017,42.71374511,-71.16218264,39,MALUS SYLVESTRIS 'ADIRONDACK',85,15 to 20,4,196,,
QUERCUS RUBRA,2017,42.71381793,-71.16214675,27,AMELANCHIER,86,15 to 20,4,100,,
QUERCUS RUBRA,2017,42.7137245,-71.16183658,27,MALUS 'PRAIRIE FIRE',87,15 to 20,4,36,,
QUERCUS RUBRA,2017,42.71364591,-71.16187223,27,HAMAMELIS VERNALIS,88,15 to 20,3.5,225,,
QUERCUS RUBRA,2017,42.7136529,-71.16159177,27,QUERCUS ALBA,89,15 to 20,3.5,16,,
QUERCUS RUBRA,2017,42.7135586,-71.16162029,27,,,15 to 20,3.5,,,
QUERCUS RUBRA,2017,42.71352891,-71.16145154,27,,,15 to 20,3.5,,,
ACER RUBRUM,2017,42.71347128,-71.16121386,39,,,15 to 20,3.5,,,
ACER RUBRUM,2017,42.71349189,-71.16104463,39,,,15 to 20,3.5,,,
TILIA TOMENTOSA,2017,42.7132266,-71.16046648,13,,,15 to 20,3.5,,,
TILIA TOMENTOSA,2017,42.71328598,-71.16049786,13,,,15 to 20,3.5,,,
QUERCUS BICOLOR,2017,42.71311833,-71.16036666,18,,,15 to 20,3.5,,,
QUERCUS BICOLOR,2017,42.71301354,-71.16034194,18,,,15 to 20,3.5,,,
QUERCUS BICOLOR,2017,42.7128913,-71.16031722,18,,,15 to 20,3.5,,,
CLADASTRIS KENTUCKEA,2017,42.71295863,-71.15998923,16,,,15 to 20,3.5,,,
CLADASTRIS KENTUCKEA,2017,42.71291148,-71.1597468,16,,,15 to 20,3.5,,,
CLADASTRIS KENTUCKEA,2017,42.7129141,-71.15948654,16,,,15 to 20,3.5,,,
STYPHNOLOBIUM JAPONICUM,2017,42.71304246,-71.1588555,3,,,15 to 20,3.5,,,
STYPHNOLOBIUM JAPONICUM,2017,42.71300055,-71.15871645,3,,,15 to 20,3.5,,,
STYPHNOLOBIUM JAPONICUM,2017,42.71300055,-71.15860593,3,,,15 to 20,3.5,,,
BETULA NIGRA,2017,42.712901,-71.16023166,21,,,15 to 20,3.5,,,
PLATANUS ACERIFOLIA,2017,42.71303984,-71.15988227,61,,,15 to 20,3.5,,,
TILIA TOMENTOSA,2017,42.71319439,-71.16016392,13,,,15 to 20,3.5,,,
TILIA TOMENTOSA,2017,42.71311843,-71.16015323,13,,,15 to 20,3.5,,,
TILIA TOMENTOSA,2017,42.71307127,-71.16011758,13,,,15 to 20,3.5,,,
TILIA TOMENTOSA,2017,42.71308961,-71.16000706,13,,,15 to 20,3.5,,,
BETULA NIGRA,2017,42.71309747,-71.16026375,21,,,15 to 20,3.5,,,
PLATANUS ACERIFOLIA,2017,42.71302063,-71.15979909,61,,,15 to 20,3.5,,,
PLATANUS ACERIFOLIA,2017,42.71299951,-71.15963664,61,,,15 to 20,3.5,,,
PLATANUS ACERIFOLIA,2017,42.71301291,-71.1594265,61,,,15 to 20,3.5,,,
QUERCUS BICOLOR,2017,42.71309949,-71.15872012,18,,,15 to 20,3.5,,,
QUERCUS BICOLOR,2017,42.71313589,-71.15864396,18,,,15 to 20,3.5,,,
QUERCUS BICOLOR,2017,42.71310096,-71.15861306,18,,,15 to 20,3.5,,,
CLADASTRIS KENTUCKEA,2017,42.71339605,-71.16978184,16,,,15 to 20,3.5,,,
CLADASTRIS KENTUCKEA,2017,42.71344408,-71.16967192,16,,,15 to 20,3.5,,,
CLADASTRIS KENTUCKEA,2017,42.7134288,-71.16947583,16,,,15 to 20,3.5,,,
GLEDITSIA INERMIS,2017,42.71349429,-71.16894699,8,,,15 to 20,3.5,,,
GLEDITSIA INERMIS,2017,42.71348337,-71.16902424,8,,,15 to 20,3.5,,,
PLATANUS OCCIDENTALIS,2017,42.71362308,-71.16862612,8,,,15 to 20,3.5,,,
PLATANUS OCCIDENTALIS,2017,42.71360562,-71.16853997,8,,,15 to 20,3.5,,,
GYMNOCLADUS DIOICUS,2017,42.71364491,-71.16835576,17,,,15 to 20,3.5,,,
GYMNOCLADUS DIOICUS,2017,42.71364055,-71.16828149,17,,,15 to 20,3.5,,,
GYMNOCLADUS DIOICUS,2017,42.71363618,-71.16819236,17,,,15 to 20,3.5,,,
PLATANUS OCCIDENTALIS,2017,42.71362308,-71.16847757,8,,,15 to 20,3.5,,,
CLADASTRIS KENTUCKEA,2017,42.71356851,-71.16828446,16,,,15 to 20,3.5,,,
CLADASTRIS KENTUCKEA,2017,42.71355978,-71.16836765,16,,,15 to 20,3.5,,,
GYMNOCLADUS DIOICUS,2017,42.71358161,-71.168127,17,,,15 to 20,3.5,,,
BETULA NIGRA,2017,42.71367547,-71.16777642,21,,,15 to 20,3.5,,,
BETULA NIGRA,2017,42.7136973,-71.16761896,21,,,15 to 20,3.5,,,
BETULA NIGRA,2017,42.71370385,-71.16748823,21,,,15 to 20,3.5,,,
GYMNOCLADUS DIOICUS,2017,42.7136078,-71.16786258,17,,,15 to 20,3.5,,,
GYMNOCLADUS DIOICUS,2017,42.71363618,-71.16760113,17,,,15 to 20,3.5,,,
PRUNUS SARGENTII,2017,42.71355978,-71.16723273,7,,,15 to 20,3.5,,,
PRUNUS SARGENTII,2017,42.71370822,-71.16732483,7,,,15 to 20,3.5,,,
PRUNUS SARGENTII,2017,42.71343317,-71.16864692,7,,,15 to 20,3.5,,,
PRUNUS SARGENTII,2017,42.71351175,-71.16866178,7,,,15 to 20,3.5,,,
CLADASTRIS KENTUCKEA,2017,42.69962231,-71.14942184,16,,,15 to 20,3.5,,,
CLADASTRIS KENTUCKEA,2017,42.69967995,-71.14943135,16,,,15 to 20,3.5,,,
CLADASTRIS KENTUCKEA,2017,42.69958038,-71.149467,16,,,15 to 20,3.5,,,
CLADASTRIS KENTUCKEA,2017,42.69957514,-71.1495383,16,,,15 to 20,3.5,,,
GYMNOCLADUS DIOICUS,2017,42.69947731,-71.15006091,17,,,15 to 20,3.5,,,
GYMNOCLADUS DIOICUS,2017,42.6994664,-71.15017083,17,,,15 to 20,3.5,,,
ACER FREEMANII 'ARMSTRONG',2017,42.69954544,-71.14987314,21,,,15 to 20,3.5,,,
ACER FREEMANII 'ARMSTRONG',2017,42.69955242,-71.14974479,21,,,15 to 20,3.5,,,
ACER FREEMANII 'ARMSTRONG',2017,42.6995629,-71.14964021,21,,,15 to 20,3.5,,,
ACER FREEMANII 'ARMSTRONG',2017,42.70045025,-71.14957842,21,,,15 to 20,3.5,,,
ACER FREEMANII 'ARMSTRONG',2017,42.70038387,-71.14955465,21,,,15 to 20,3.5,,,
ACER FREEMANII 'ARMSTRONG',2017,42.70032099,-71.14953088,21,,,15 to 20,3.5,,,
ACER FREEMANII 'ARMSTRONG',2017,42.7002616,-71.14952137,21,,,15 to 20,3.5,,,
ACER FREEMANII 'ARMSTRONG',2017,42.70020221,-71.14950236,21,,,15 to 20,3.5,,,
ACER FREEMANII 'ARMSTRONG',2017,42.70014981,-71.14950236,21,,,15 to 20,3.5,,,
ACER FREEMANII 'ARMSTRONG',2017,42.7001009,-71.14950236,21,,,15 to 20,3.5,,,
ACER FREEMANII 'ARMSTRONG',2017,42.70004151,-71.14949285,21,,,15 to 20,3.5,,,
ULMUS AMERICANA,2017,42.69951399,-71.14967349,84,,,15 to 20,3.5,,,
ULMUS AMERICANA,2017,42.69951749,-71.14957366,84,,,15 to 20,3.5,,,
PLATANUS ACERIFOLIA,2017,42.69934281,-71.15235927,61,,,15 to 20,3.5,,,
PLATANUS ACERIFOLIA,2017,42.69945111,-71.15216912,61,,,15 to 20,3.5,,,
PLATANUS ACERIFOLIA,2017,42.69933932,-71.15214536,61,,,15 to 20,3.5,,,
PLATANUS ACERIFOLIA,2017,42.69950701,-71.15225469,61,,,15 to 20,3.5,,,
PLATANUS ACERIFOLIA,2017,42.69963627,-71.15229272,61,,,15 to 20,3.5,,,
PLATANUS ACERIFOLIA,2017,42.69961181,-71.15205029,61,,,15 to 20,3.5,,,
ULMUS AMERICANA,2017,42.70018824,-71.15323868,84,,,15 to 20,3.5,,,
ULMUS AMERICANA,2017,42.69977601,-71.15324344,84,,,15 to 20,3.5,,,
ULMUS AMERICANA,2017,42.69959435,-71.15323868,84,,,15 to 20,3.5,,,
ACER RUBRUM,2017,42.69927993,-71.15216912,39,,,15 to 20,3.5,,,
ACER RUBRUM,2017,42.69931137,-71.15185063,39,,,15 to 20,3.5,,,
ACER RUBRUM,2017,42.69933233,-71.15152739,39,,,15 to 20,3.5,,,
ACER RUBRUM,2017,42.6992415,-71.15268251,39,,,15 to 20,3.5,,,
AESCULUS CARNEA 'BRIOTII',2017,42.69922403,-71.15097122,5,,,15 to 20,3.5,,,
AESCULUS CARNEA 'BRIOTII',2017,42.69920656,-71.15112809,5,,,15 to 20,3.5,,,
AESCULUS CARNEA 'BRIOTII',2017,42.69914019,-71.15186489,5,,,15 to 20,3.5,,,
AESCULUS CARNEA 'BRIOTII',2017,42.69911573,-71.15215011,5,,,15 to 20,3.5,,,
AESCULUS CARNEA 'BRIOTII',2017,42.69912621,-71.15203602,5,,,15 to 20,3.5,,,
GLEDITSIA INERMIS,2017,42.69909477,-71.15428923,8,,,15 to 20,3.5,,,
GLEDITSIA INERMIS,2017,42.69905984,-71.15463149,8,,,15 to 20,3.5,,,
GLEDITSIA INERMIS,2017,42.69903538,-71.1549072,8,,,15 to 20,3.5,,,
GLEDITSIA INERMIS,2017,42.69901442,-71.15513537,8,,,15 to 20,3.5,,,
ULMUS AMERICANA,2017,42.69890612,-71.15604806,84,,,15 to 20,3.5,,,
ULMUS AMERICANA,2017,42.69869301,-71.15693698,84,,,15 to 20,3.5,,,
ULMUS AMERICANA,2017,42.69871398,-71.15681814,84,,,15 to 20,3.5,,,
ULMUS AMERICANA,2017,42.69864061,-71.15715089,84,,,15 to 20,3.5,,,
ULMUS AMERICANA,2017,42.69879433,-71.15652342,84,,,15 to 20,3.5,,,
ULMUS AMERICANA,2017,42.69856725,-71.15745037,84,,,15 to 20,3.5,,,
ULMUS AMERICANA,2017,42.69846593,-71.15786393,84,,,15 to 20,3.5,,,
GLEDITSIA INERMIS,2017,42.6983751,-71.15820619,8,,,15 to 20,3.5,,,
GLEDITSIA INERMIS,2017,42.69832619,-71.15842961,8,,,15 to 20,3.5,,,
GINKGO BILOBA,2017,42.7068572,-71.1643208,14,,,15 to 20,3.5,,,
GINKGO BILOBA,2017,42.70680044,-71.16427029,14,,,15 to 20,3.5,,,
GINKGO BILOBA,2017,42.70672839,-71.16421384,14,,,15 to 20,3.5,,,
BETULA NIGRA,2017,42.71311833,-71.16036666,21,,,15 to 20,3.5,,,
BETULA NIGRA,2017,42.71309747,-71.16026375,21,,,15 to 20,3.5,,,
TAXODIUM DISTICHUM,2017,42.71343317,-71.16864692,14,,,15 to 20,3.5,,,
TAXODIUM DISTICHUM,2017,42.71370822,-71.16732483,14,,,15 to 20,3.5,,,
BETULA NIGRA,2017,42.71370385,-71.16748823,21,,,15 to 20,3.5,,,
BETULA NIGRA,2017,42.71367547,-71.16777642,21,,,15 to 20,3.5,,,
BETULA NIGRA,2017,42.71351175,-71.16866178,21,,,15 to 20,3.5,,,
TILIA TOMENTOSA,2018,42.71343796,-71.16111302,13,,,15 to 20,3,,,
CARPINUS BETULUS FASTIGIATA,2018,42.7135113,-71.16112372,1,,,15 to 20,3,,,
OXYDENDRUM ARBOREUM,2018,42.69525473,-71.15646352,2,,,15 to 20,3,,,
SYRINGA RETICULATA,2018,42.71293776,-71.17346047,45,,,15 to 20,3,,,
GINKGO BILOBA,2018,42.71357903,-71.17377991,14,,,15 to 20,3,,,
GLEDITSIA TRIACANTHOS,2018,42.71294475,-71.17359357,76,,,15 to 20,3,,,
GLEDITSIA TRIACANTHOS,2018,42.71300063,-71.17363921,76,,,15 to 20,3,,,
JUNIPERUS VIRGINIANA,2018,42.71358462,-71.1723139,1,,,15 to 20,3,,,
PLATANUS ACERIFOLIA,2018,42.71300203,-71.17338631,61,,,15 to 20,3,,,
PLATANUS ACERIFOLIA,2018,42.71309983,-71.17316575,61,,,15 to 20,3,,,
PLATANUS ACERIFOLIA,2018,42.71326049,-71.17283109,61,,,15 to 20,3,,,
PLATANUS ACERIFOLIA,2018,42.71328983,-71.17273032,61,,,15 to 20,3,,,
GLEDITSIA TRIACANTHOS,2018,42.71305372,-71.17368674,76,,,15 to 20,3,,,
PRUNUS SARGENTII,2018,42.71291541,-71.17350991,7,,,15 to 20,3,,,
QUERCUS BICOLOR,2018,42.71351197,-71.17200587,18,,,15 to 20,3,,,
QUERCUS BICOLOR,2018,42.71302997,-71.17331596,18,,,15 to 20,3,,,
QUERCUS BICOLOR,2018,42.71350219,-71.17263715,18,,,15 to 20,3,,,
QUERCUS BICOLOR,2018,42.7132102,-71.17290905,18,,,15 to 20,3,,,
TAXODIUM DISTICHUM,2018,42.71380675,-71.17306307,14,,,15 to 20,3,,,
TILIA TOMENTOSA,2018,42.71316549,-71.17300032,13,,,15 to 20,3,,,
TILIA TOMENTOSA,2018,42.71306071,-71.17322469,13,,,15 to 20,3,,,
ULMUS AMERICANA,2018,42.71320321,-71.17373047,84,,,15 to 20,3,,,
ULMUS AMERICANA,2018,42.71326887,-71.17358787,84,,,15 to 20,3,,,
ULMUS AMERICANA,2018,42.71385146,-71.1733635,84,,,15 to 20,3,,,
ULMUS AMERICANA,2018,42.71340439,-71.17263144,84,,,15 to 20,3,,,
LIQUIDAMBAR STYRACIFLUA,2018,42.71362094,-71.17239757,33,,,15 to 20,3,,,
LIQUIDAMBAR STYRACIFLUA,2018,42.71365028,-71.17251926,33,,,15 to 20,3,,,
ULMUS AMERICANA,2018,42.71313615,-71.17307448,84,,,15 to 20,3,,,
CORYLUS COLURNA,2018,42.69893887,-71.15411845,4,,,15 to 20,3,,,
CORYLUS COLURNA,2018,42.69893607,-71.15416979,4,,,15 to 20,3,,,
CORYLUS COLURNA,2018,42.69905485,-71.15473642,4,,,15 to 20,3,,,
CORYLUS COLURNA,2018,42.69875441,-71.15599565,4,,,15 to 20,3,,,
CERCIS CANADENSIS,2018,42.69912018,-71.15399058,8,,,15 to 20,3,,,
CERCIS CANADENSIS,2018,42.69911285,-71.15406616,8,,,15 to 20,3,,,
CERCIS CANADENSIS,2018,42.69868628,-71.15627801,8,,,15 to 20,3,,,
CERCIS CANADENSIS,2018,42.6986496,-71.15643916,8,,,15 to 20,3,,,
SYRINGA RETICULATA,2018,42.69826706,-71.15793939,45,,,15 to 20,3,,,
SYRINGA RETICULATA,2018,42.69867371,-71.15701244,45,,,15 to 20,3,,,
SYRINGA RETICULATA,2018,42.69870829,-71.15687696,45,,,15 to 20,3,,,
SYRINGA RETICULATA,2018,42.69891581,-71.15439701,45,,,15 to 20,3,,,
SYRINGA RETICULATA,2018,42.69891057,-71.15447901,45,,,15 to 20,3,,,
SYRINGA RETICULATA,2018,42.69890009,-71.15455388,45,,,15 to 20,3,,,
SYRINGA RETICULATA,2018,42.69888961,-71.15461092,45,,,15 to 20,3,,,
SYRINGA RETICULATA,2018,42.69902498,-71.15503399,45,,,15 to 20,3,,,
SYRINGA RETICULATA,2018,42.69886253,-71.15490802,45,,,15 to 20,3,,,
CORNUS RUTGERS HYBRID,2018,42.69848523,-71.15707566,8,,,15 to 20,3,,,
CORNUS RUTGERS HYBRID,2018,42.69814985,-71.15843994,8,,,15 to 20,3,,,
CORNUS RUTGERS HYBRID,2018,42.69816207,-71.15837102,8,,,15 to 20,3,,,
CORNUS RUTGERS HYBRID,2018,42.69821797,-71.15813571,8,,,15 to 20,3,,,
CORNUS RUTGERS HYBRID,2018,42.69880838,-71.15553787,8,,,15 to 20,3,,,
CORNUS RUTGERS HYBRID,2018,42.69879965,-71.15564483,8,,,15 to 20,3,,,
CORNUS RUTGERS HYBRID,2018,42.69954552,-71.14805096,8,,,15 to 20,3,,,
CORNUS RUTGERS HYBRID,2018,42.69955251,-71.14796302,8,,,15 to 20,3,,,
ZELKOVA SERRATA,2018,42.69959618,-71.14750192,9,,,15 to 20,3,,,
ZELKOVA SERRATA,2018,42.69956473,-71.14784656,9,,,15 to 20,3,,,
TILIA CORDATA,2018,42.69956124,-71.14789409,4,,,15 to 20,3,,,
TILIA CORDATA,2018,42.69952805,-71.14824586,4,,,15 to 20,3,,,
ZELKOVA SERRATA,2018,42.69908787,-71.15437419,9,,,15 to 20,3,,,
ZELKOVA SERRATA,2018,42.69957976,-71.14770205,9,,,15 to 20,3,,,
ZELKOVA SERRATA,2018,42.69950989,-71.14843791,9,,,15 to 20,3,,,
GYMNOCLADUS DIOICUS,2018,42.69931844,-71.15178063,17,,,15 to 20,3,,,
QUERCUS PALUSTRIS FASTIGIATE,2018,42.69933242,-71.15161331,2,,,15 to 20,3,,,
QUERCUS PALUSTRIS FASTIGIATE,2018,42.69930726,-71.15194606,2,,,15 to 20,3,,,
GLEDITSIA TRIACANTHOS,2018,42.69932543,-71.14990201,76,,,15 to 20,3,,,
GLEDITSIA TRIACANTHOS,2018,42.6992318,-71.15092308,76,,,15 to 20,3,,,
GLEDITSIA TRIACANTHOS,2018,42.69887965,-71.15617105,76,,,15 to 20,3,,,
GLEDITSIA TRIACANTHOS,2018,42.69834444,-71.15835961,76,,,15 to 20,3,,,
GLEDITSIA TRIACANTHOS,2018,42.69844366,-71.15796221,76,,,15 to 20,3,,,
GLEDITSIA TRIACANTHOS,2018,42.69903337,-71.15307741,76,,,15 to 20,3,,,
SYRINGA RETICULATA,2018,42.69939809,-71.150944,45,,,15 to 20,3,,,
SYRINGA RETICULATA,2018,42.6985848,-71.15668634,45,,,15 to 20,3,,,
SYRINGA RETICULATA,2018,42.69963425,-71.14844171,45,,,15 to 20,3,,,
SYRINGA RETICULATA,2018,42.69963006,-71.14849115,45,,,15 to 20,3,,,
ACER RUBRUM,2018,42.70043898,-71.15299969,39,,,15 to 20,3,,,
ACER RUBRUM,2018,42.70047391,-71.15310962,39,,,15 to 20,3,,,
ACER RUBRUM,2018,42.69935381,-71.15306803,39,,,15 to 20,3,,,
ACER RUBRUM,2018,42.69929704,-71.15300563,39,,,15 to 20,3,,,
ACER RUBRUM,2018,42.6994215,-71.15298484,39,,,15 to 20,3,,,
ACER FREEMANII ,2018,42.69955469,-71.15283926,4,,,15 to 20,3,,,
ACER FREEMANII ,2018,42.70076431,-71.14962464,4,,,15 to 20,3,,,
CELTIS OCCIDENTALIS,2018,42.70069007,-71.14960979,15,,,15 to 20,3,,,
CELTIS OCCIDENTALIS,2018,42.69949137,-71.15258969,15,,,15 to 20,3,,,
CELTIS OCCIDENTALIS,2018,42.69955251,-71.15272339,15,,,15 to 20,3,,,
CELTIS OCCIDENTALIS,2018,42.69959399,-71.15279172,15,,,15 to 20,3,,,
CELTIS OCCIDENTALIS,2018,42.69965731,-71.15275013,15,,,15 to 20,3,,,
CELTIS OCCIDENTALIS,2018,42.70058963,-71.15233122,15,,,15 to 20,3,,,
CELTIS OCCIDENTALIS,2018,42.70059618,-71.15221238,15,,,15 to 20,3,,,
CERCIS CANADENSIS,2018,42.70060928,-71.15205789,8,,,15 to 20,3,,,
CERCIS CANADENSIS,2018,42.69924901,-71.15301455,8,,,15 to 20,3,,,
CORNUS KOUSA (RUTGERS STELLAR PINK),2018,42.69928831,-71.15316013,5,,,15 to 20,3,,,
CORNUS KOUSA (RUTGERS STELLAR PINK),2018,42.70042806,-71.15313042,5,,,15 to 20,3,,,
FAGUS GRANDIFOLIA,2018,42.70039968,-71.15303832,2,,,15 to 20,3,,,
FAGUS GRANDIFOLIA,2018,42.69974683,-71.15236984,2,,,15 to 20,3,,,
GLEDITSIA TRIACANTHOS v. INERMIS,2018,42.69965731,-71.15240846,20,,,15 to 20,3,,,
LIQUIDAMBAR STYRACIFLUA,2018,42.69955469,-71.15092297,33,,,15 to 20,3,,,
LIQUIDAMBAR STYRACIFLUA,2018,42.69932543,-71.15311556,33,,,15 to 20,3,,,
LIQUIDAMBAR STYRACIFLUA,2018,42.6993953,-71.15301752,33,,,15 to 20,3,,,
LIQUIDAMBAR STYRACIFLUA,2018,42.69948482,-71.15293136,33,,,15 to 20,3,,,
NYSSA SYLVATICA,2018,42.69954159,-71.15288085,8,,,15 to 20,3,,,
NYSSA SYLVATICA,2018,42.69942805,-71.15116362,8,,,15 to 20,3,,,
PLATANUS ACERIFOLIA,2018,42.70036474,-71.15104775,61,,,15 to 20,3,,,
PLATANUS ACERIFOLIA,2018,42.70062239,-71.15180535,61,,,15 to 20,3,,,
PLATANUS ACERIFOLIA,2018,42.7006333,-71.15169542,61,,,15 to 20,3,,,
PLATANUS ACERIFOLIA,2018,42.70068352,-71.15105369,61,,,15 to 20,3,,,
PLATANUS ACERIFOLIA,2018,42.70003505,-71.15128246,61,,,15 to 20,3,,,
PLATANUS ACERIFOLIA,2018,42.70000011,-71.15135673,61,,,15 to 20,3,,,
PLATANUS ACERIFOLIA,2018,42.69979487,-71.15166274,61,,,15 to 20,3,,,
QUERCUS PALUSTRIS,2018,42.69982762,-71.15161521,14,,,15 to 20,3,,,
QUERCUS PALUSTRIS,2018,42.69951539,-71.15111014,14,,,15 to 20,3,,,
QUERCUS PALUSTRIS,2018,42.69958963,-71.15107152,14,,,15 to 20,3,,,
QUERCUS PALUSTRIS,2018,42.69963111,-71.1511963,14,,,15 to 20,3,,,
QUERCUS PALUSTRIS,2018,42.69967915,-71.15126463,14,,,15 to 20,3,,,
QUERCUS PALUSTRIS,2018,42.69972718,-71.15130325,14,,,15 to 20,3,,,
QUERCUS PALUSTRIS,2018,42.69976648,-71.1513597,14,,,15 to 20,3,,,
QUERCUS RUBRA,2018,42.69980142,-71.15141912,27,,,15 to 20,3,,,
QUERCUS RUBRA,2018,42.69994116,-71.15139535,27,,,15 to 20,3,,,
QUERCUS RUBRA,2018,42.69991059,-71.15146369,27,,,15 to 20,3,,,
QUERCUS RUBRA,2018,42.69991277,-71.15154093,27,,,15 to 20,3,,,
QUERCUS RUBRA,2018,42.69990404,-71.15164789,27,,,15 to 20,3,,,
TAXODIUM DISTICHUM,2018,42.70082326,-71.14979993,14,,,15 to 20,3,,,
TAXODIUM DISTICHUM,2018,42.69959181,-71.15241144,14,,,15 to 20,3,,,
TAXODIUM DISTICHUM,2018,42.69955469,-71.15241441,14,,,15 to 20,3,,,
TAXODIUM DISTICHUM,2018,42.69950884,-71.15241441,14,,,15 to 20,3,,,
TILIA AMERICANA,2018,42.69946299,-71.15239658,19,,,15 to 20,3,,,
TILIA AMERICANA,2018,42.699725,-71.15096753,19,,,15 to 20,3,,,
TILIA AMERICANA,2018,42.69984945,-71.15090217,19,,,15 to 20,3,,,
TILIA AMERICANA,2018,42.69971408,-71.15108043,19,,,15 to 20,3,,,
TILIA AMERICANA,2018,42.6998298,-71.15101507,19,,,15 to 20,3,,,
TILIA AMERICANA,2018,42.69989094,-71.15098239,19,,,15 to 20,3,,,
TILIA AMERICANA,2018,42.7005023,-71.15275904,19,,,15 to 20,3,,,
TILIA AMERICANA,2018,42.700463,-71.15269962,19,,,15 to 20,3,,,
ULMUS AMERICANA,2018,42.70042588,-71.15264317,84,,,15 to 20,3,,,
ULMUS AMERICANA,2018,42.70042588,-71.15104181,84,,,15 to 20,3,,,
ULMUS AMERICANA,2018,42.70049793,-71.15105666,84,,,15 to 20,3,,,
ULMUS AMERICANA,2018,42.7005809,-71.15107449,84,,,15 to 20,3,,,
ULMUS AMERICANA,2018,42.7006464,-71.15108637,84,,,15 to 20,3,,,
ULMUS AMERICANA,2018,42.70065732,-71.15162412,84,,,15 to 20,3,,,
ULMUS AMERICANA,2018,42.70066169,-71.15156173,84,,,15 to 20,3,,,
ULMUS AMERICANA,2018,42.70066605,-71.1514726,84,,,15 to 20,3,,,
ULMUS AMERICANA,2018,42.7006726,-71.1514013,84,,,15 to 20,3,,,
ULMUS AMERICANA,2018,42.70068134,-71.15132702,84,,,15 to 20,3,,,
ULMUS AMERICANA,2018,42.7006857,-71.15123492,84,,,15 to 20,3,,,
ULMUS AMERICANA,2018,42.70069007,-71.15115767,84,,,15 to 20,3,,,
ULMUS AMERICANA,2018,42.70070754,-71.15098536,84,,,15 to 20,3,,,
ULMUS AMERICANA,2018,42.70071409,-71.15092594,84,,,15 to 20,3,,,
ULMUS AMERICANA,2018,42.70072064,-71.15086355,84,,,15 to 20,3,,,
GLEDITSIA TRIACANTHOS v. INERMIS,2018,42.70072501,-71.15078927,20,,,15 to 20,3,,,
GLEDITSIA TRIACANTHOS v. INERMIS,2018,42.69959321,-71.1509642,20,,,15 to 20,3,,,
GLEDITSIA TRIACANTHOS v. INERMIS,2018,42.69965958,-71.15097371,20,,,15 to 20,3,,,
GLEDITSIA TRIACANTHOS,2018,42.70201311,-71.14703924,76,,,15 to 20,3,,,
GLEDITSIA TRIACANTHOS,2018,42.70200001,-71.14722819,76,,,15 to 20,3,,,
GLEDITSIA TRIACANTHOS,2018,42.70195547,-71.14765245,76,,,15 to 20,3,,,
GLEDITSIA TRIACANTHOS,2018,42.70195285,-71.14773802,76,,,15 to 20,3,,,
GLEDITSIA TRIACANTHOS,2018,42.70184281,-71.14917836,76,,,15 to 20,3,,,
GLEDITSIA TRIACANTHOS,2018,42.70184805,-71.14907497,76,,,15 to 20,3,,,
GLEDITSIA TRIACANTHOS,2018,42.70186115,-71.14894305,76,,,15 to 20,3,,,
GLEDITSIA TRIACANTHOS,2018,42.70187687,-71.14881471,76,,,15 to 20,3,,,
GLEDITSIA TRIACANTHOS,2018,42.70188473,-71.14869349,76,,,15 to 20,3,,,
GLEDITSIA TRIACANTHOS,2018,42.70188997,-71.14858653,76,,,15 to 20,3,,,
GLEDITSIA TRIACANTHOS,2018,42.70189783,-71.14847958,76,,,15 to 20,3,,,
GLEDITSIA TRIACANTHOS,2018,42.70190569,-71.1483441,76,,,15 to 20,3,,,
GLEDITSIA TRIACANTHOS,2018,42.70191617,-71.14826567,76,,,15 to 20,3,,,
GLEDITSIA TRIACANTHOS,2018,42.70192665,-71.14817297,76,,,15 to 20,3,,,
GLEDITSIA TRIACANTHOS,2018,42.70193189,-71.14808741,76,,,15 to 20,3,,,
ZELKOVA SERRATA,2018,42.69876856,-71.15663972,9,,,15 to 20,3,,,
SYRINGA RETICULATA,2018,42.6982353,-71.15808002,45,,,15 to 20,3,,,
BETULA NIGRA,2018,42.71385356,-71.16258982,21,,,15 to 20,3,,,
BETULA NIGRA,2018,42.71379331,-71.16258269,21,,,15 to 20,3,,,
LIQUIDAMBAR STYRACIFLUA,2018,42.7137121,-71.16206336,33,,,15 to 20,3,,,
LIQUIDAMBAR STYRACIFLUA,2018,42.71349293,-71.1612814,33,,,15 to 20,3,,,
LIQUIDAMBAR STYRACIFLUA,2018,42.71352087,-71.16139905,33,,,15 to 20,3,,,
QUERCUS PALUSTRIS,2018,42.71379942,-71.16213823,14,,,15 to 20,3,,,
QUERCUS PALUSTRIS,2018,42.7137121,-71.1618649,14,,,15 to 20,3,,,
QUERCUS PALUSTRIS,2018,42.7136309,-71.16162128,14,,,15 to 20,3,,,
ULMUS AMERICANA,2018,42.71360295,-71.16254942,84,,,15 to 20,3,,,
ULMUS AMERICANA,2018,42.71348944,-71.16177458,84,,,15 to 20,3,,,
ULMUS AMERICANA,2018,42.7133637,-71.16175676,84,,,15 to 20,3,,,
PLATANUS ACERIFOLIA,2018,42.71353223,-71.16254466,61,,,15 to 20,3,,,
PLATANUS ACERIFOLIA,2018,42.71365796,-71.16256724,61,,,15 to 20,3,,,
PLATANUS ACERIFOLIA,2018,42.71342133,-71.16176864,61,,,15 to 20,3,,,
ULMUS AMERICANA,2018,42.7116794,-71.170291,84,,,15 to 20,3,,,
ULMUS AMERICANA,2018,42.71161443,-71.1702525,84,,,15 to 20,3,,,
ULMUS AMERICANA,2018,42.71138705,-71.17004429,84,,,15 to 20,3,,,
ULMUS AMERICANA,2018,42.71149497,-71.16978332,84,,,15 to 20,3,,,
ULMUS AMERICANA,2018,42.7115568,-71.16964499,84,,,15 to 20,3,,,
ULMUS AMERICANA,2018,42.71166473,-71.169394,84,,,15 to 20,3,,,
ULMUS AMERICANA,2018,42.71179152,-71.1693612,84,,,15 to 20,3,,,
ULMUS AMERICANA,2018,42.71190363,-71.16945532,84,,,15 to 20,3,,,
ULMUS AMERICANA,2018,42.71199375,-71.16961076,84,,,15 to 20,3,,,
ULMUS AMERICANA,2018,42.71186067,-71.16988457,84,,,15 to 20,3,,,
PLATANUS ACERIFOLIA,2018,42.71180514,-71.17003146,61,,,15 to 20,3,,,
PLATANUS ACERIFOLIA,2018,42.71156728,-71.17022113,61,,,15 to 20,3,,,
PLATANUS ACERIFOLIA,2018,42.71144049,-71.17011845,61,,,15 to 20,3,,,
PLATANUS ACERIFOLIA,2018,42.71139648,-71.16999866,61,,,15 to 20,3,,,
PLATANUS ACERIFOLIA,2018,42.71152222,-71.16973198,61,,,15 to 20,3,,,
PLATANUS ACERIFOLIA,2018,42.71158195,-71.16959508,61,,,15 to 20,3,,,
PLATANUS ACERIFOLIA,2018,42.7119466,-71.16949383,61,,,15 to 20,3,,,
PLATANUS ACERIFOLIA,2018,42.7119948,-71.16954802,61,,,15 to 20,3,,,
PLATANUS ACERIFOLIA,2018,42.71188687,-71.16983608,61,,,15 to 20,3,,,
PLATANUS ACERIFOLIA,2018,42.71183238,-71.16996443,61,,,15 to 20,3,,,
PLATANUS ACERIFOLIA,2018,42.71171397,-71.1702254,61,,,15 to 20,3,,,
ACER RUBRUM,2018,42.71152012,-71.17017977,39,,,15 to 20,3,,,
ACER RUBRUM,2018,42.71144992,-71.16988457,39,,,15 to 20,3,,,
ACER RUBRUM,2018,42.71162176,-71.16949668,39,,,15 to 20,3,,,
ACER RUBRUM,2018,42.71184496,-71.16941539,39,,,15 to 20,3,,,
ACER RUBRUM,2018,42.71194764,-71.16970346,39,,,15 to 20,3,,,
ACER RUBRUM,2018,42.71175798,-71.17011417,39,,,15 to 20,3,,,
CELTIS OCCIDENTALIS,2018,42.71182723,-71.16622763,15,,,15 to 20,3,,,
CELTIS OCCIDENTALIS,2018,42.71174689,-71.16621694,15,,,15 to 20,3,,,
LIRIODENDRON TULIPIFERA,2018,42.71178182,-71.16626328,18,,,15 to 20,3,,,
PRUNUS x YEDOENSIS,2018,42.71189359,-71.16634291,2,,,15 to 20,3,,,
CORNUS KOUSA (RUTGERS STELLAR PINK),2018,42.71189097,-71.16641896,5,,,15 to 20,3,,,
PRUNUS x YEDOENSIS,2018,42.69702486,-71.15938643,2,,,15 to 20,3,,,
LIRIODENDRON TULIPIFERA,2018,42.69693962,-71.15911167,18,,,15 to 20,3,,,
LIRIODENDRON TULIPIFERA,2018,42.69692425,-71.15917632,18,,,15 to 20,3,,,
GINKGO BILOBA,2018,42.69709614,-71.15919058,14,,,15 to 20,3,,,
GINKGO BILOBA,2018,42.69707587,-71.15927139,14,,,15 to 20,3,,,
PARROTIA PERSICA,2018,42.6989522,-71.1539526,6,,,15 to 20,3,,,
PARROTIA PERSICA,2018,42.69895656,-71.15392289,6,,,15 to 20,3,,,
CERCIS CANADENSIS,2018,42.69912469,-71.15395557,8,,,15 to 20,3,,,
GLEDITSIA TRIACANTHOS,2018,42.69907884,-71.15446955,76,,,15 to 20,3,,,
GLEDITSIA TRIACANTHOS,2018,42.69926443,-71.15045573,76,,,15 to 20,3,,,
SYRINGA RETICULATA,2018,42.70051641,-71.14818589,45,,,15 to 20,3,,,
SYRINGA RETICULATA,2018,42.70059676,-71.14834989,45,,,15 to 20,3,,,
CORNUS KOUSA (RUTGERS STELLAR PINK),2018,42.70055746,-71.14827384,5,,,15 to 20,3,,,
CORNUS KOUSA (RUTGERS STELLAR PINK),2018,42.70046925,-71.14820847,5,,,15 to 20,3,,,
PRUNUS SARGENTII FASTIGIATA,2018,42.71489868,-71.16633179,2,,,15 to 20,3,,,
PRUNUS SARGENTII FASTIGIATA,2018,42.71490915,-71.16618918,2,,,15 to 20,3,,,
QUERCUS PALUSTRIS,2018,42.7136105,-71.16844298,14,,,15 to 20,3,,,
BETULA NIGRA,2018,42.71342748,-71.1695249,21,,,15 to 20,3,,,
LIQUIDAMBAR STYRACIFLUA,2018,42.71361329,-71.16864644,33,,,15 to 20,3,,,
CELTIS OCCIDENTALIS,2018,42.71360212,-71.16861601,15,,,15 to 20,3,,,
OXYDENDRUM ARBOREUM,2019,42.71813761,-71.16975258,2,,,15 to 20,3,,,
LIQUIDAMBAR STYRACIFLUA,2019,42.714424,-71.15605549,33,,,15 to 20,3,,,
CELTIS OCCIDENTALIS,2019,42.71447639,-71.15600558,15,,,15 to 20,3,,,
QUERCUS COCCINEA,2019,42.71444496,-71.15585109,3,,,15 to 20,3,,,
QUERCUS COCCINEA,2019,42.71461277,-71.15589482,3,,,15 to 20,3,,,
STYRAX JAPNICUS ,2019,42.7145445,-71.15426576,3,,,15 to 20,3,,,
PRUNUS CERASIFERA KV,2019,42.71455498,-71.15410652,4,,,15 to 20,3,,,
CRATAEGUS (THORNLESS),2019,42.7141149,-71.15352658,1,,,15 to 20,3,,,
STYRAX JAPNICUS ,2019,42.71379008,-71.15375238,3,,,15 to 20,3,,,
ULMUS AMERICANA,2019,42.71444496,-71.15415406,84,,,15 to 20,3,,,
LIRIODENDRON TULIPIFERA,2019,42.71430176,-71.15377614,18,,,15 to 20,3,,,
CELTIS OCCIDENTALIS,2019,42.71388438,-71.15385933,15,,,15 to 20,3,,,
CELTIS OCCIDENTALIS,2019,42.71401012,-71.15355035,15,,,15 to 20,3,,,
OSTRYA VIRGINIANA,2019,42.71421269,-71.15405898,2,,,15 to 20,3,,,
TILIA TOMENTOSA,2019,42.71371673,-71.15383794,13,,,15 to 20,3,,,
TAXODIUM,2019,42.71441702,-71.15428953,3,,,15 to 20,3,,,
PLATANUS ACERIFOLIA,2019,42.71470341,-71.15395678,61,,,15 to 20,3,,,
LIRIODENDRON TULIPIFERA,2019,42.7148274,-71.15502396,18,,,15 to 20,3,,,
QUERCUS BICOLOR,2019,42.71303652,-71.16018898,18,,,15 to 20,3,,,
QUERCUS BICOLOR,2019,42.7129513,-71.16018708,18,,,15 to 20,3,,,
ULMUS AMERICANA,2019,42.71292056,-71.15990947,84,,,15 to 20,3,,,
ULMUS AMERICANA,2019,42.7129988,-71.1595539,84,,,15 to 20,3,,,
ULMUS AMERICANA,2019,42.71310638,-71.15881424,84,,,15 to 20,3,,,
ULMUS AMERICANA,2019,42.71302255,-71.15846818,84,,,15 to 20,3,,,
PLATANUS ACERIFOLIA,2019,42.7129024,-71.15980869,61,,,15 to 20,3,,,
PLATANUS ACERIFOLIA,2019,42.71306726,-71.1602137,61,,,15 to 20,3,,,
PLATANUS ACERIFOLIA,2019,42.71307285,-71.15845297,61,,,15 to 20,3,,,
PLATANUS ACERIFOLIA,2019,42.71309799,-71.15826663,61,,,15 to 20,3,,,
PARROTIA PERSICA,2019,42.71303093,-71.16056356,6,,,15 to 20,3,,,
"CERCIS CANADENSIS ""MINNESOTA""",2019,42.7129038,-71.16053885,1,,,15 to 20,3,,,
QUERCUS BICOLOR,2019,42.71357354,-71.1619205,18,,,15 to 20,3,,,
QUERCUS BICOLOR,2019,42.7135442,-71.16215818,18,,,15 to 20,3,,,
QUERCUS PALUSTRIS,2019,42.71352184,-71.16235783,14,,,15 to 20,3,,,
QUERCUS PALUSTRIS,2019,42.71355537,-71.1620555,14,,,15 to 20,3,,,
QUERCUS RUBRA,2019,42.71353861,-71.16225896,27,,,15 to 20,3,,,
QUERCUS RUBRA,2019,42.71356795,-71.16197754,27,,,15 to 20,3,,,
MAACKIA AMURENSIS,2019,42.70034463,-71.14333052,19,,,15 to 20,3,,,
ULMUS AMERICANA,2019,42.69985841,-71.1532423,84,,,15 to 20,3,,,
CELTIS OCCIDENTALIS,2019,42.69990644,-71.15274021,15,,,15 to 20,3,,,
STYRAX JAPNICUS ,2019,42.69941517,-71.15143594,3,,,15 to 20,3,,,
PRUNUS YEDOENSIS,2019,42.69955273,-71.15144485,2,,,15 to 20,3,,,
ACER RUBRUM,2019,42.69947412,-71.15140326,39,,,15 to 20,3,,,
PLATANUS ACERIFOLIA,2019,42.69995448,-71.15323339,61,,,15 to 20,3,,,
AMELANCHIER LAEVIS,2019,42.7000964,-71.15237477,4,,,15 to 20,3,,,
OSTRYA VIRGINIANA,2019,42.69941517,-71.15208064,2,,,15 to 20,3,,,
ACER RUBRUM,2019,42.69935403,-71.15223217,39,,,15 to 20,3,,,
ACER RUBRUM,2019,42.69996103,-71.1528739,39,,,15 to 20,3,,,
ACER RUBRUM,2019,42.70022086,-71.15249955,39,,,15 to 20,3,,,
LIQUIDAMBAR STYRACIFLUA,2019,42.69950032,-71.1520242,33,,,15 to 20,3,,,
PLATANUS ACERIFOLIA,2019,42.69934967,-71.15205985,61,,,15 to 20,3,,,
ULMUS AMERICANA,2019,42.70004618,-71.15323339,84,,,15 to 20,3,,,
PLATANUS ACERIFOLIA,2019,42.70013789,-71.15323339,61,,,15 to 20,3,,,
LIRIODENDRON TULIPIFERA,2019,42.70029728,-71.15262731,18,,,15 to 20,3,,,
AMELANCHIER LAEVIS,2019,42.6999785,-71.15242825,4,,,15 to 20,3,,,
ZELKOVA SERRATA,2019,42.69946102,-71.15181028,9,,,15 to 20,3,,,
ACER FREEMANII FASTIGIATA,2019,42.69988024,-71.14946617,2,,,15 to 20,3,,,
ACER FREEMANII FASTIGIATA,2019,42.69995448,-71.14948399,2,,,15 to 20,3,,,
PLATANUS ACERIFOLIA,2019,42.69939552,-71.15228861,61,,,15 to 20,3,,,
PLATANUS ACERIFOLIA,2019,42.69939334,-71.15243122,61,,,15 to 20,3,,,
TILIA AMERICANA,2019,42.70014444,-71.15218166,19,,,15 to 20,3,,,
TILIA AMERICANA,2019,42.70036278,-71.15256789,19,,,15 to 20,3,,,
GLEDITSIA TRIACANTHOS,2019,42.69951124,-71.15081797,76,,,15 to 20,3,,,
GLEDITSIA TRIACANTHOS,2019,42.69948067,-71.15070804,76,,,15 to 20,3,,,
GLEDITSIA TRIACANTHOS,2019,42.70193243,-71.14798811,76,,,15 to 20,3,,,
GLEDITSIA TRIACANTHOS,2019,42.70193898,-71.14790492,76,,,15 to 20,3,,,
GLEDITSIA TRIACANTHOS,2019,42.70194553,-71.1478247,76,,,15 to 20,3,,,
GLEDITSIA TRIACANTHOS,2019,42.70196737,-71.14756623,76,,,15 to 20,3,,,
GLEDITSIA TRIACANTHOS,2019,42.70197828,-71.14748601,76,,,15 to 20,3,,,
GLEDITSIA TRIACANTHOS,2019,42.70198702,-71.14740579,76,,,15 to 20,3,,,
GLEDITSIA TRIACANTHOS,2019,42.70198702,-71.14732261,76,,,15 to 20,3,,,
GLEDITSIA TRIACANTHOS,2019,42.7020023,-71.14715623,76,,,15 to 20,3,,,
GLEDITSIA TRIACANTHOS,2019,42.70201977,-71.14696014,76,,,15 to 20,3,,,
GLEDITSIA TRIACANTHOS,2019,42.70203068,-71.14685913,76,,,15 to 20,3,,,
GLEDITSIA TRIACANTHOS,2019,42.70203942,-71.14677594,76,,,15 to 20,3,,,
GLEDITSIA TRIACANTHOS,2019,42.70203942,-71.1466779,76,,,15 to 20,3,,,
GLEDITSIA TRIACANTHOS,2019,42.70204597,-71.14662145,76,,,15 to 20,3,,,
GLEDITSIA TRIACANTHOS,2019,42.70206125,-71.14651747,76,,,15 to 20,3,,,
ZELKOVA SERRATA,2019,42.6993499,-71.15141545,9,,,15 to 20,3,,,
BETULA NIGRA,2019,42.71492076,-71.15446132,21,,,15 to 20,3,,,
BETULA NIGRA,2019,42.7149033,-71.15435436,21,,,15 to 20,3,,,
TAXODIUM DISTICHUM,2019,42.71432701,-71.1542474,14,,,15 to 20,3,,,
ACER RUBRUM,2019,42.71406069,-71.1536532,39,,,15 to 20,3,,,
METASEQUOIA G.,2019,42.71359991,-71.17377374,1,,,15 to 20,3,,,
ACER RUBRUM,2019,42.71362087,-71.17268802,39,,,15 to 20,3,,,
TILIA TOMENTOSA,2019,42.71371448,-71.17284014,13,,,15 to 20,3,,,
AMELANCHIER LAEVIS,2019,42.7136572,-71.1739753,4,,,15 to 20,3,,,
AMELANCHIER LAEVIS,2019,42.71374381,-71.17379846,4,,,15 to 20,3,,,
LIQUIDAMBAR STYRACIFLUA,2019,42.71363484,-71.17246175,33,,,15 to 20,3,,,
TAXODIUM DISTICHUM,2019,42.71449893,-71.15585135,14,,,15 to 20,3,,,
QUERCUS BICOLOR,2019,42.71359452,-71.16795413,18,,,15 to 20,3,,,
GYMNOCLADUS DIOICUS,2019,42.71363469,-71.16810625,17,,,15 to 20,3,,,
ULMUS AMERICANA,2019,42.7007517,-71.15051381,84,,,15 to 20,3,,,
ULMUS AMERICANA,2019,42.70073772,-71.15062314,84,,,15 to 20,3,,,
ULMUS AMERICANA,2019,42.70073423,-71.15070158,84,,,15 to 20,3,,,
GYMNOCLADUS DIOICUS,2017,42.7181366,-71.16941268,17,,,15 to 20,3,,,
GLEDITSIA TRIACANTHOS v. INERMIS,2018,42.69946979,-71.15061667,20,,,15 to 20,3,,,
GLEDITSIA TRIACANTHOS v. INERMIS,2018,42.69977635,-71.15093753,20,,,15 to 20,3,,,
ACER FREEMANII ,2018,42.71299613,-71.15887559,4,,,15 to 20,3,,,
ACER FREEMANII ,2018,42.7129612,-71.15887749,4,,,15 to 20,3,,,
LIQUIDAMBAR STYRACIFLUA,2018,42.71299474,-71.16002406,33,,,15 to 20,3,,,
TILIA CORDATA,2018,42.71313165,-71.15847248,4,,,15 to 20,3,,,
LIQUIDAMBAR STYRACIFLUA,2018,42.7136491,-71.17259518,33,,,15 to 20,3,,,
PLATANUS ACERIFOLIA,2018,42.69960585,-71.15185469,61,,,15 to 20,3,,,
NYSSA SYLVATICA,2018,42.71416026,-71.15631867,8,,,15 to 20,3,,,
NYSSA SYLVATICA,2018,42.7141882,-71.15625212,8,,,15 to 20,3,,,
NYSSA SYLVATICA,2018,42.71420392,-71.15616893,8,,,15 to 20,3,,,
PLATANUS ACERIFOLIA,2018,42.71405897,-71.15628302,61,,,15 to 20,3,,,
PLATANUS ACERIFOLIA,2018,42.71411834,-71.15621884,61,,,15 to 20,3,,,
PLATANUS ACERIFOLIA,2018,42.71407818,-71.15613566,61,,,15 to 20,3,,,
QUERCUS PALUSTRIS,2018,42.71365416,-71.16798797,14,,,15 to 20,3,,,
BETULA NIGRA,2018,42.71344023,-71.16938137,21,,,15 to 20,3,,,
LIQUIDAMBAR STYRACIFLUA,2018,42.7136498,-71.16746211,33,,,15 to 20,3,,,
CELTIS OCCIDENTALIS,2018,42.71369782,-71.16768196,15,,,15 to 20,3,,,
MAACKIA AMURENSIS,2019,42.70070378,-71.14307024,19,,,15 to 20,3,,,
MAACKIA AMURENSIS,2019,42.70063251,-71.14306264,19,,,15 to 20,3,,,
MAACKIA AMURENSIS,2019,42.70052072,-71.14311588,19,,,15 to 20,3,,,
MAACKIA AMURENSIS,2019,42.70044666,-71.14320715,19,,,15 to 20,3,,,
BETULA NIGRA,2018,42.71378016,-71.16250519,21,,,15 to 20,3,,,
ACER RUBRUM,2019,42.71383848,-71.17324855,39,,,15 to 20,3,,,
TAXODIUM,2018,42.71361617,-71.16725142,3,,,15 to 20,3,,,
PRUNUS SARGENTII,2018,42.71370873,-71.16729895,7,,,15 to 20,3,,,
TAXODIUM,2018,42.71370349,-71.16742255,3,,,15 to 20,3,,,
PRUNUS CERASIFERA KV,2020,42.71212636,-71.1629378,4,,,15 to 20,2.5,,,
PRUNUS CERASIFERA KV,2020,42.71152909,-71.16274291,4,,,15 to 20,2.5,,,
BETULA NIGRA 'DURAHEAT' SINGLE STEM,2020,42.7120111,-71.16289977,2,,,15 to 20,2.5,,,
BETULA NIGRA 'DURAHEAT' SINGLE STEM,2020,42.71163038,-71.16277618,2,,,15 to 20,2.5,,,
NYSSA SYLVATICA,2020,42.71189584,-71.16286175,8,,,15 to 20,2.5,,,
NYSSA SYLVATICA,2020,42.71171421,-71.16280946,8,,,15 to 20,2.5,,,
LIRIODENDRON TULIPIFERA,2020,42.7004654,-71.152852,18,,,15 to 20,2.5,,,
ULMUS AMERICANA,2020,42.700573,-71.15115972,84,,,15 to 20,2.5,,,
PLATANUS ACERIFOLIA,2020,42.70055483,-71.15132894,61,,,15 to 20,2.5,,,
PLATANUS ACERIFOLIA,2020,42.70047937,-71.15130803,61,,,15 to 20,2.5,,,
PLATANUS ACERIFOLIA,2020,42.70049335,-71.15114451,61,,,15 to 20,2.5,,,
PLATANUS ACERIFOLIA,2020,42.70059675,-71.15095436,61,,,15 to 20,2.5,,,
TILIA TOMENTOSA,2020,42.70042488,-71.1511331,13,,,15 to 20,2.5,,,
TILIA TOMENTOSA,2020,42.7003592,-71.15111408,13,,,15 to 20,2.5,,,
PRUNUS CERASIFERA KV,2020,42.70044479,-71.14806869,4,,,15 to 20,2.5,,,
SYRINGA RETICULATA,2020,42.70047693,-71.14812954,45,,,15 to 20,2.5,,,
SYRINGA RETICULATA,2020,42.70061946,-71.1484119,45,,,15 to 20,2.5,,,
CERCIS CANADENSIS,2020,42.70064392,-71.1484737,8,,,15 to 20,2.5,,,
MAACKIA AMURENSIS,2020,42.70066837,-71.14852694,19,,,15 to 20,2.5,,,
ZELKOVA SERRATA,2020,42.7009178,-71.148738,9,,,15 to 20,2.5,,,
GLEDITSIA TRIACANTHOS,2020,42.70086051,-71.14859919,76,,,15 to 20,2.5,,,
GLEDITSIA TRIACANTHOS,2020,42.70077527,-71.14843377,76,,,15 to 20,2.5,,,
GLEDITSIA TRIACANTHOS,2020,42.7006509,-71.14818088,76,,,15 to 20,2.5,,,
GLEDITSIA TRIACANTHOS,2020,42.70056007,-71.14800785,76,,,15 to 20,2.5,,,
GLEDITSIA TRIACANTHOS,2020,42.70046785,-71.147812,76,,,15 to 20,2.5,,,
GLEDITSIA TRIACANTHOS,2020,42.70027361,-71.14736326,76,,,15 to 20,2.5,,,
GLEDITSIA TRIACANTHOS,2020,42.70018138,-71.14717882,76,,,15 to 20,2.5,,,
GLEDITSIA TRIACANTHOS,2020,42.70010313,-71.14701339,76,,,15 to 20,2.5,,,
GLEDITSIA TRIACANTHOS,2020,42.7000109,-71.14680424,76,,,15 to 20,2.5,,,
GLEDITSIA TRIACANTHOS,2020,42.69991867,-71.14661789,76,,,15 to 20,2.5,,,
ULMUS AMERICANA,2020,42.71215155,-71.16230761,84,,,15 to 20,2.5,,,
ACER FREEMANII 'ARMSTRONG',2020,42.71219347,-71.16245022,21,,,15 to 20,2.5,,,
ACER FREEMANII 'ARMSTRONG',2020,42.71223014,-71.16262491,21,,,15 to 20,2.5,,,
ACER FREEMANII 'ARMSTRONG',2020,42.71215679,-71.16277465,21,,,15 to 20,2.5,,,
CARPINUS CAROLINIANA,2020,42.71222709,-71.16282932,1,,,15 to 20,2.5,,,
ULMUS AMERICANA,2020,42.71249603,-71.1610277,84,,,15 to 20,2.5,,,
ULMUS AMERICANA,2020,42.71180103,-71.16137947,84,,,15 to 20,2.5,,,
ULMUS AMERICANA,2020,42.71172419,-71.16171222,84,,,15 to 20,2.5,,,
ULMUS AMERICANA,2020,42.71174514,-71.16152208,84,,,15 to 20,2.5,,,
ULMUS AMERICANA,2020,42.71173816,-71.16191663,84,,,15 to 20,2.5,,,
GINKGO BILOBA,2020,42.71165084,-71.16189286,14,,,15 to 20,2.5,,,
GINKGO BILOBA,2020,42.71151811,-71.16170271,14,,,15 to 20,2.5,,,
GINKGO BILOBA,2020,42.71163337,-71.16142701,14,,,15 to 20,2.5,,,
GINKGO BILOBA,2020,42.71158098,-71.16178828,14,,,15 to 20,2.5,,,
GINKGO BILOBA,2020,42.71172069,-71.16135095,14,,,15 to 20,2.5,,,
GINKGO BILOBA,2020,42.71154256,-71.16148405,14,,,15 to 20,2.5,,,
LIQUIDAMBAR STYRACIFLUA,2020,42.71141675,-71.16147454,33,,,15 to 20,2.5,,,
LIQUIDAMBAR STYRACIFLUA,2020,42.71140627,-71.16163616,33,,,15 to 20,2.5,,,
LIQUIDAMBAR STYRACIFLUA,2020,42.71135737,-71.16154585,33,,,15 to 20,2.5,,,
LIQUIDAMBAR STYRACIFLUA,2020,42.71147613,-71.16157437,33,,,15 to 20,2.5,,,
ACER FREEMANII 'ARMSTRONG',2020,42.71186034,-71.16271048,21,,,15 to 20,2.5,,,
ACER FREEMANII 'ARMSTRONG',2020,42.71190531,-71.16235039,21,,,15 to 20,2.5,,,
ACER FREEMANII 'ARMSTRONG',2020,42.7118778,-71.16253459,21,,,15 to 20,2.5,,,
ULMUS AMERICANA,2020,42.7118778,-71.16220184,84,,,15 to 20,2.5,,,
ULMUS AMERICANA,2020,42.71195508,-71.16223631,84,,,15 to 20,2.5,,,
QUERCUS BICOLOR 'FASTIGIA',2020,42.71248555,-71.16112278,6,,,15 to 20,2.5,,,
QUERCUS BICOLOR 'FASTIGIA',2020,42.71247158,-71.16131292,6,,,15 to 20,2.5,,,
QUERCUS BICOLOR 'FASTIGIA',2020,42.71244015,-71.16153634,6,,,15 to 20,2.5,,,
QUERCUS BICOLOR 'FASTIGIA',2020,42.71242268,-71.16174074,6,,,15 to 20,2.5,,,
QUERCUS BICOLOR 'FASTIGIA',2020,42.71240172,-71.16192613,6,,,15 to 20,2.5,,,
QUERCUS BICOLOR 'FASTIGIA',2020,42.71237728,-71.16211628,6,,,15 to 20,2.5,,,
ZELOKOVA SERRATA 'MUSASHINO',2020,42.71248206,-71.16121785,9,,,15 to 20,2.5,,,
ZELOKOVA SERRATA 'MUSASHINO',2020,42.71245062,-71.1614175,9,,,15 to 20,2.5,,,
ZELOKOVA SERRATA 'MUSASHINO',2020,42.71242967,-71.16163141,9,,,15 to 20,2.5,,,
ZELOKOVA SERRATA 'MUSASHINO',2020,42.71241919,-71.16183581,9,,,15 to 20,2.5,,,
ZELOKOVA SERRATA 'MUSASHINO',2020,42.71239823,-71.16200694,9,,,15 to 20,2.5,,,
ZELOKOVA SERRATA 'MUSASHINO',2020,42.71237378,-71.16222086,9,,,15 to 20,2.5,,,
NYSSA SYLVATICA,2020,42.71127573,-71.16152208,8,,,15 to 20,2.5,,,
MAACKIA AMURENSIS,2020,42.70059667,-71.15421331,19,,,15 to 20,2.5,,,
MAACKIA AMURENSIS,2020,42.70058619,-71.15434641,19,,,15 to 20,2.5,,,
MAACKIA AMURENSIS,2020,42.70051457,-71.15506658,19,,,15 to 20,2.5,,,
MAACKIA AMURENSIS,2020,42.70044907,-71.15571128,19,,,15 to 20,2.5,,,
GLEDITSIA TRIACANTHOS,2020,42.70042505,-71.15601135,76,,,15 to 20,2.5,,,
GLEDITSIA TRIACANTHOS,2020,42.7004054,-71.15622229,76,,,15 to 20,2.5,,,
SYRINGA RETICULATA,2020,42.70064645,-71.15370824,45,,,15 to 20,2.5,,,
SYRINGA RETICULATA,2020,42.70062723,-71.15389838,45,,,15 to 20,2.5,,,
SYRINGA RETICULATA,2020,42.70054514,-71.15472788,45,,,15 to 20,2.5,,,
SYRINGA RETICULATA,2020,42.70052767,-71.1548794,45,,,15 to 20,2.5,,,
SYRINGA RETICULATA,2020,42.70048837,-71.15531911,45,,,15 to 20,2.5,,,
SYRINGA RETICULATA,2020,42.7004709,-71.15550628,45,,,15 to 20,2.5,,,
MAACKIA AMURENSIS,2020,42.70056916,-71.15448129,19,,,15 to 20,2.5,,,
ULMUS AMERICANA,2020,42.70029929,-71.15693712,84,,,15 to 20,2.5,,,
MAACKIA AMURENSIS,2020,42.7002399,-71.15719619,19,,,15 to 20,2.5,,,
ULMUS AMERICANA,2020,42.70019273,-71.15736732,84,,,15 to 20,2.5,,,
ULMUS AMERICANA,2020,42.7000792,-71.15782366,84,,,15 to 20,2.5,,,
ULMUS AMERICANA,2020,42.70003203,-71.15800905,84,,,15 to 20,2.5,,,
ULMUS AMERICANA,2020,42.69999011,-71.15818018,84,,,15 to 20,2.5,,,
ULMUS AMERICANA,2020,42.69993509,-71.15839409,84,,,15 to 20,2.5,,,
ULMUS AMERICANA,2020,42.69984863,-71.15873279,84,,,15 to 20,2.5,,,
ULMUS AMERICANA,2020,42.69980146,-71.15891461,84,,,15 to 20,2.5,,,
GLEDITSIA TRIACANTHOS,2020,42.69974382,-71.15917487,76,,,15 to 20,2.5,,,
GLEDITSIA TRIACANTHOS,2020,42.69969928,-71.15933887,76,,,15 to 20,2.5,,,
ULMUS AMERICANA,2021,42.70013242,-71.15760146,84,,,15 to 20,2.5,,,
TAXODIUM DISTICHUM,2021,42.71143957,-71.16271538,14,,,15 to 20,2.5,,,
ULMUS AMERICANA,2021,42.70919934,-71.16698665,84,,,15 to 20,2.5,,,
PLATANUS ACERIFOLIA,2021,42.70908852,-71.16688497,61,,,15 to 20,2.5,,,
GLEDITSIA TRIACANTHOS,2021,42.69824015,-71.15473435,76,,,15 to 20,2.5,,,
GLEDITSIA TRIACANTHOS,2021,42.6982511,-71.15462322,76,,,15 to 20,2.5,,,
SYRINGA RETICULATA,2021,42.69828477,-71.15428391,45,,,15 to 20,2.5,,,
SYRINGA RETICULATA,2021,42.69829241,-71.15420083,45,,,15 to 20,2.5,,,
SYRINGA RETICULATA,2021,42.69830189,-71.15409787,45,,,15 to 20,2.5,,,
SYRINGA RETICULATA,2021,42.69830812,-71.15403019,45,,,15 to 20,2.5,,,
ACER CAMPESTRE,2021,42.68633966,-71.16424386,3,,,15 to 20,2.5,,,
ACER CAMPESTRE,2021,42.68625262,-71.16413234,3,,,15 to 20,2.5,,,
GLEDITSIA TRIACANTHOS,2021,42.6860379,-71.16416604,76,,,15 to 20,2.5,,,
GLEDITSIA TRIACANTHOS,2021,42.68595311,-71.16406309,76,,,15 to 20,2.5,,,
GLEDITSIA TRIACANTHOS,2021,42.70074446,-71.14320003,76,,,15 to 20,2.5,,,
GLEDITSIA TRIACANTHOS,2021,42.7007224,-71.14343536,76,,,15 to 20,2.5,,,
GLEDITSIA TRIACANTHOS,2021,42.70070255,-71.14365115,76,,,15 to 20,2.5,,,
GLEDITSIA TRIACANTHOS,2021,42.70068501,-71.1438361,76,,,15 to 20,2.5,,,
GLEDITSIA TRIACANTHOS,2021,42.70066882,-71.14400953,76,,,15 to 20,2.5,,,
GLEDITSIA TRIACANTHOS,2021,42.70061587,-71.14456954,76,,,15 to 20,2.5,,,
NYSSA SYLVATICA 'WILDFIRE',2021,42.70038834,-71.1469621,1,,,15 to 20,2.5,,,
CERCIS CANADENSIS 'MINNESOTA',2021,42.70056293,-71.14661223,2,,,15 to 20,2.5,,,
ACER CAMPESTRE,2021,42.70064439,-71.1456934,3,,,15 to 20,2.5,,,
SYRINGA RETICULATA,2021,42.70054482,-71.14680645,45,,,15 to 20,2.5,,,
SYRINGA RETICULATA,2021,42.70037511,-71.1485624,45,,,15 to 20,2.5,,,
SYRINGA RETICULATA,2021,42.70035381,-71.14878997,45,,,15 to 20,2.5,,,
PARROTIA PERSICA,2021,42.70032646,-71.14908772,6,,,15 to 20,2.5,,,
PARROTIA PERSICA,2021,42.70048728,-71.14737726,6,,,15 to 20,2.5,,,
SYRINGA RETICULATA,2021,42.70047296,-71.14752224,45,,,15 to 20,2.5,,,
GLEDITSIA TRIACANTHOS v. INERMIS,2021,42.71162225,-71.16281992,20,,,15 to 20,2.5,,,
GLEDITSIA TRIACANTHOS v. INERMIS,2021,42.7117052,-71.1628532,20,,,15 to 20,2.5,,,
GLEDITSIA TRIACANTHOS v. INERMIS,2021,42.71188596,-71.16291618,20,,,15 to 20,2.5,,,
GLEDITSIA TRIACANTHOS v. INERMIS,2021,42.71152008,-71.16277833,20,,,15 to 20,2.5,,,
CERCIS CANADENSIS 'MINNESOTA',2021,42.70056369,-71.14660308,2,,,15 to 20,2.5,,,
SYRINGA RETICULATA 'IVORY SILK',2021,42.70065874,-71.15371047,3,,,15 to 20,2.5,,,
GLEDITSIA TRIACANTHOS v. INERMIS,2021,42.69827572,-71.15437836,20,,,15 to 20,2.5,,,
GLEDITSIA TRIACANTHOS v. INERMIS,2021,42.69826794,-71.15445529,20,,,15 to 20,2.5,,,
GLEDITSIA TRIACANTHOS v. INERMIS,2021,42.69831843,-71.15392165,20,,,15 to 20,2.5,,,
SYRINGA RETICULATA 'IVORY SILK',2021,42.69831354,-71.15397318,3,,,15 to 20,2.5,,,
SYRINGA RETICULATA 'IVORY SILK',2021,42.69815786,-71.15409837,3,,,15 to 20,2.5,,,
GLEDITSIA TRIACANTHOS v. INERMIS,2021,42.69833741,-71.15371775,20,,,15 to 20,2.5,,,
GLEDITSIA TRIACANTHOS v. INERMIS,2021,42.69834615,-71.15362242,20,,,15 to 20,2.5,,,
PARROTIA PERSICA,2021,42.70031793,-71.14918116,6,,,15 to 20,2.5,,,
LIQUIDAMBAR STYRACIFLUA 'MORAINE',2021,42.71335428,-71.16163604,2,,,15 to 20,2.5,,,
LIQUIDAMBAR STYRACIFLUA 'MORAINE',2021,42.71338048,-71.16137507,2,,,15 to 20,2.5,,,
MAACKIA AMURENSIS,2021,42.69839334,-71.15105146,19,,,15 to 20,2.5,,,
GINKGO BILOBA,2021,42.69703348,-71.15923759,14,,,15 to 20,2.5,,,
GINKGO BILOBA,2021,42.6968616,-71.15904507,14,,,15 to 20,2.5,,,
LIRIODENDRON TULIPIFERA,2021,42.69697793,-71.15920907,18,,,15 to 20,2.5,,,
GLEDITSIA TRIACANTHOS v. INERMIS,2021,42.71177728,-71.16287837,20,,,15 to 20,2.5,,,
GLEDITSIA TRIACANTHOS v. INERMIS,2021,42.71178601,-71.16282786,20,,,15 to 20,2.5,,,
GLEDITSIA TRIACANTHOS v. INERMIS,2021,42.71200213,-71.16296452,20,,,15 to 20,2.5,,,
GYMNOCLADUS DIOICUS,2021,42.71211346,-71.16299423,17,,,15 to 20,2.5,,,
BETULA NIGRA,2021,42.71368005,-71.17271153,21,,,15 to 20,2.5,,,
BETULA NIGRA (MULTISTEM),2021,42.713418,-71.1723336,3,,,15 to 20,2.5,,,
BETULA NIGRA (MULTISTEM),2021,42.71343546,-71.1722718,3,,,15 to 20,2.5,,,
BETULA NIGRA (MULTISTEM),2021,42.7133918,-71.17237876,3,,,15 to 20,2.5,,,
GLEDITSIA TRIACANTHOS v. INERMIS,2021,42.69832304,-71.15387309,20,,,15 to 20,2.5,,,
GLEDITSIA TRIACANTHOS v. INERMIS,2021,42.69832877,-71.15381185,20,,,15 to 20,2.5,,,
ZELKOVA SERRATA 'MUSASHINO',2021,42.69903735,-71.15301044,2,,,15 to 20,2.5,,,
ZELKOVA SERRATA 'MUSASHINO',2021,42.69958635,-71.14759182,2,,,15 to 20,2.5,,,
AMELANCHIER x GRANDIFLORA,2021,42.71162114,-71.16643908,1,,,15 to 20,2.5,,,
PLATANUS ACERIFOLIA 'BLOODGOD',2021,42.71155128,-71.16607661,1,,,15 to 20,2.5,,,
PRUNUS SARGENTII 'FASTIGIATA',2021,42.7115098,-71.1662014,2,,,15 to 20,2.5,,,
PRUNUS SARGENTII 'FASTIGIATA',2021,42.71154037,-71.16615386,2,,,15 to 20,2.5,,,
QUERCUS RUBRA,2021,42.71169973,-71.16645393,27,,,15 to 20,2.5,,,
MAACKIA AMURENSIS,2021,42.69834658,-71.15104384,19,,,15 to 20,2.5,,,
TILIAAMERICANA'REDMOND',2021,42.71951451,-71.17010191,1,,,15 to 20,2.5,,,
AMELANCHIER LAEVIS 'CUMULUS',2021,42.69870518,-71.14985409,1,,,15 to 20,2.5,,,
QUERCUS COCCINEA,2022,42.71354928,-71.16210395,3,,,15 to 20,2,,,
AMELANCHIER GRANDIFLORA,2022,42.71181757,-71.166534,2,,,15 to 20,2,,,
AMELANCHIER GRANDIFLORA,2022,42.71152277,-71.16649407,2,,,15 to 20,2,,,
QUERCUS RUBRA,2022,42.71178543,-71.16649597,27,,,15 to 20,2,,,
QUERCUS RUBRA,2022,42.71164851,-71.16657964,27,,,15 to 20,2,,,
QUERCUS RUBRA,2022,42.71157726,-71.16648266,27,,,15 to 20,2,,,
ULMUS AMERICANA,2022,42.71179102,-71.16661196,84,,,15 to 20,2,,,
ULMUS AMERICANA,2022,42.71172536,-71.166534,84,,,15 to 20,2,,,
ULMUS AMERICANA,2022,42.71152836,-71.16656062,84,,,15 to 20,2,,,
ZELOKOVA SERRATA 'MUSASHINO',2022,42.71661926,-71.17469353,9,,,15 to 20,2,,,
ZELOKOVA SERRATA 'MUSASHINO',2022,42.71663323,-71.17459751,9,,,15 to 20,2,,,
ZELOKOVA SERRATA 'MUSASHINO',2022,42.7166479,-71.17448627,9,,,15 to 20,2,,,
GYMNOCLADUS DIOICUS,2022,42.71195571,-71.16288087,17,,,15 to 20,2,,,
LIQUIDAMBAR STYRACIFLUA,2022,42.71367278,-71.17264827,33,,,15 to 20,2,,,
MACLURA POMIFERA 'WHITE SHIELD',2022,42.71306828,-71.15994703,4,,,15 to 20,2,,,
QUERCUS BICOLOR,2022,42.71309447,-71.1585566,18,,,15 to 20,2,,,
QUERCUS BICOLOR,2022,42.71306173,-71.15876457,18,,,15 to 20,2,,,
QUERCUS BICOLOR,2022,42.71317961,-71.1582803,18,,,15 to 20,2,,,
TILIA AMERICANA,2022,42.71317524,-71.15850015,19,,,15 to 20,2,,,
TILIA AMERICANA,2022,42.71319891,-71.15836848,19,,,15 to 20,2,,,
TILIA AMERICANA,2022,42.71326563,-71.15821292,19,,,15 to 20,2,,,
ACER FREEMANII 'ARMSTRONG',2022,42.71292856,-71.15936471,21,,,15 to 20,2,,,
ACER FREEMANII 'ARMSTRONG',2022,42.71830381,-71.16980328,21,,,15 to 20,2,,,
ACER FREEMANII 'ARMSTRONG',2022,42.71829857,-71.16987696,21,,,15 to 20,2,,,
ACER FREEMANII 'ARMSTRONG',2022,42.71829333,-71.16994588,21,,,15 to 20,2,,,
ACER RUBRUM 'OCTOBER GLORY',2022,42.71770311,-71.16956322,2,,,15 to 20,2,,,
QUERCUS PALUSTRIS 'REGAL PRINCE',2022,42.71794933,-71.16948241,1,,,15 to 20,2,,,
ACER RUBRUM 'OCTOBER GLORY',2022,42.7182392,-71.16993875,2,,,15 to 20,2,,,
MACLURA POMIFERA 'WHITE SHIELD',2022,42.71788646,-71.16991261,4,,,15 to 20,2,,,
MACLURA POMIFERA 'WHITE SHIELD',2022,42.71782185,-71.16990072,4,,,15 to 20,2,,,
MACLURA POMIFERA 'WHITE SHIELD',2022,42.71775724,-71.16989597,4,,,15 to 20,2,,,
PRUNUS SARGENTII,2022,42.71772406,-71.16980803,7,,,15 to 20,2,,,
QUERCUS RUBRA,2022,42.717869,-71.16981278,27,,,15 to 20,2,,,
QUERCUS RUBRA,2022,42.71788995,-71.16947765,27,,,15 to 20,2,,,
PRUNUS YEDOENSIS,2022,42.71776946,-71.16946102,2,,,15 to 20,2,,,
ULMUS AMERICANA 'PATRIOT',2022,42.71785503,-71.16939684,3,,,15 to 20,2,,,
ULMUS AMERICANA 'PATRIOT',2022,42.71794933,-71.16940635,3,,,15 to 20,2,,,
ULMUS AMERICANA 'PATRIOT',2022,42.71801394,-71.16941586,3,,,15 to 20,2,,,
ACER TARTARICUM,2022,42.7127969,-71.16040716,2,,,15 to 20,2,,,
ACER TARTARICUM,2022,42.71268652,-71.16119911,2,,,15 to 20,2,,,
GLEDITSIA TRIACANTHOS 'STREETKEEPER',2022,42.69492152,-71.15280316,17,,,15 to 20,2,,,
GLEDITSIA TRIACANTHOS 'STREETKEEPER',2022,42.69524847,-71.14925667,17,,,15 to 20,2,,,
GLEDITSIA TRIACANTHOS 'STREETKEEPER',2022,42.69523213,-71.14943143,17,,,15 to 20,2,,,
GLEDITSIA TRIACANTHOS 'STREETKEEPER',2022,42.69521572,-71.1496081,17,,,15 to 20,2,,,
GLEDITSIA TRIACANTHOS 'STREETKEEPER',2022,42.69519899,-71.14978457,17,,,15 to 20,2,,,
GLEDITSIA TRIACANTHOS 'STREETKEEPER',2022,42.69518155,-71.14997387,17,,,15 to 20,2,,,
PRUNUS CERASIFERA,2022,42.69508798,-71.14946631,1,,,15 to 20,2,,,
SYRINGA RETICULATA,2022,42.69507556,-71.14961463,45,,,15 to 20,2,,,
SYRINGA RETICULATA,2022,42.69505998,-71.14979509,45,,,15 to 20,2,,,
MAACKIA AMURENSIS,2022,42.69510453,-71.14927826,19,,,15 to 20,2,,,
SYRINGA RETICULATA,2022,42.69505007,-71.1499054,45,,,15 to 20,2,,,
SYRINGA RETICULATA,2022,42.69485715,-71.15197798,45,,,15 to 20,2,,,
GLEDITSIA TRIACANTHOS 'STREETKEEPER',2022,42.69509382,-71.1508946,17,,,15 to 20,2,,,
GLEDITSIA TRIACANTHOS 'STREETKEEPER',2022,42.69507556,-71.15108521,17,,,15 to 20,2,,,
GLEDITSIA TRIACANTHOS 'STREETKEEPER',2022,42.69505896,-71.15126848,17,,,15 to 20,2,,,
GLEDITSIA TRIACANTHOS 'STREETKEEPER',2022,42.69504063,-71.1514955,17,,,15 to 20,2,,,
GLEDITSIA TRIACANTHOS 'STREETKEEPER',2022,42.69502248,-71.15169743,17,,,15 to 20,2,,,
GLEDITSIA TRIACANTHOS 'STREETKEEPER',2022,42.69500596,-71.15188088,17,,,15 to 20,2,,,
GLEDITSIA TRIACANTHOS 'STREETKEEPER',2022,42.69497082,-71.15226908,17,,,15 to 20,2,,,
GLEDITSIA TRIACANTHOS 'STREETKEEPER',2022,42.69495695,-71.15242782,17,,,15 to 20,2,,,
GLEDITSIA TRIACANTHOS 'STREETKEEPER',2022,42.69493971,-71.1526143,17,,,15 to 20,2,,,
GLEDITSIA TRIACANTHOS 'STREETKEEPER',2022,42.69526414,-71.14908916,17,,,15 to 20,2,,,
GLEDITSIA TRIACANTHOS 'STREETKEEPER',2022,42.69514013,-71.15040918,17,,,15 to 20,2,,,
MAACKIA AMURENSIS,2022,42.69498826,-71.15207135,19,,,15 to 20,2,,,
MALUS SYLVESTRIS 'ADIRONDACK',2022,42.69504188,-71.14999217,14,,,15 to 20,2,,,
MALUS SYLVESTRIS 'ADIRONDACK',2022,42.69487872,-71.15173889,14,,,15 to 20,2,,,
MALUS SYLVESTRIS 'ADIRONDACK',2022,42.69500456,-71.15039482,14,,,15 to 20,2,,,
MALUS SYLVESTRIS 'ADIRONDACK',2022,42.69501668,-71.15026259,14,,,15 to 20,2,,,
MALUS SYLVESTRIS 'ADIRONDACK',2022,42.69482797,-71.1523065,14,,,15 to 20,2,,,
MALUS SYLVESTRIS 'ADIRONDACK',2022,42.69484125,-71.15215062,14,,,15 to 20,2,,,
SYRINGA RETICULATA,2022,42.69502959,-71.15012326,45,,,15 to 20,2,,,
SYRINGA RETICULATA,2022,42.69481575,-71.15244226,45,,,15 to 20,2,,,
SYRINGA RETICULATA,2022,42.69479592,-71.15265224,45,,,15 to 20,2,,,
SYRINGA RETICULATA,2022,42.69477595,-71.15286808,45,,,15 to 20,2,,,
SYRINGA RETICULATA,2022,42.69490232,-71.15300725,45,,,15 to 20,2,,,
MALUS SYLVESTRIS 'ADIRONDACK',2022,42.69489557,-71.15157143,14,,,15 to 20,2,,,
MALUS SYLVESTRIS 'ADIRONDACK',2022,42.69491098,-71.15141508,14,,,15 to 20,2,,,
MALUS SYLVESTRIS 'ADIRONDACK',2022,42.69492585,-71.15125277,14,,,15 to 20,2,,,
MALUS SYLVESTRIS 'ADIRONDACK',2022,42.69494097,-71.15108317,14,,,15 to 20,2,,,
TILIA AMERICANA,2022,42.71464429,-71.16425147,19,,,15 to 20,2,,,
TILIA AMERICANA,2022,42.71458317,-71.16423008,19,,,15 to 20,2,,,
MAACKIA AMURENSIS,2022,42.70116185,-71.14655565,19,,,15 to 20,2,,,
MAACKIA AMURENSIS,2022,42.70113517,-71.14682787,19,,,15 to 20,2,,,
SYRINGA RETICULATA,2022,42.7011212,-71.14697523,45,,,15 to 20,2,,,
SYRINGA RETICULATA,2022,42.70109884,-71.14722907,45,,,15 to 20,2,,,
SYRINGA RETICULATA,2022,42.70106076,-71.14763439,45,,,15 to 20,2,,,
MALUS SYLVESTRIS 'ADIRONDACK',2022,42.70120329,-71.14610944,14,,,15 to 20,2,,,
MALUS SYLVESTRIS 'ADIRONDACK',2022,42.70119491,-71.14620642,14,,,15 to 20,2,,,
MALUS SYLVESTRIS 'ADIRONDACK',2022,42.70118513,-71.14633381,14,,,15 to 20,2,,,
MALUS SYLVESTRIS 'ADIRONDACK',2022,42.70117336,-71.14643112,14,,,15 to 20,2,,,
ACER RUBRUM,2022,42.71183167,-71.16159337,39,,,15 to 20,2,,,
ACER RUBRUM,2022,42.71192336,-71.16127547,39,,,15 to 20,2,,,
ACER RUBRUM,2022,42.71198885,-71.16096649,39,,,15 to 20,2,,,
LIQUIDAMBAR STYRACIFLUA,2022,42.71196047,-71.16110909,33,,,15 to 20,2,,,
LIQUIDAMBAR STYRACIFLUA,2022,42.7118797,-71.16143887,33,,,15 to 20,2,,,
LIQUIDAMBAR STYRACIFLUA,2022,42.71180984,-71.1617746,33,,,15 to 20,2,,,
TAXODIUM DISTICHUM,2022,42.71222243,-71.16304321,14,,,15 to 20,2,,,
TAXODIUM DISTICHUM,2022,42.71218095,-71.16300459,14,,,15 to 20,2,,,
TILIA AMERICANA,2022,42.71235341,-71.16254408,19,,,15 to 20,2,,,
TILIA AMERICANA,2022,42.71233376,-71.16268372,19,,,15 to 20,2,,,
TILIA AMERICANA,2022,42.71231411,-71.16284416,19,,,15 to 20,2,,,
TILIA AMERICANA,2022,42.71229665,-71.16297191,19,,,15 to 20,2,,,
TILIA CORDATA,2022,42.69675075,-71.15783512,4,,,15 to 20,2,,,
ACER RUBRUM,2022,42.71367812,-71.16196732,39,,,15 to 20,2,,,
TAXODIUM DISTICHUM,2022,42.71001424,-71.14796256,14,,,15 to 20,2,,,
TAXODIUM DISTICHUM,2022,42.70994351,-71.14789482,14,,,15 to 20,2,,,
AMELANCHIER,2022,42.70988588,-71.14883247,10,,,15 to 20,2,,,
AMELANCHIER,2022,42.70987016,-71.14878255,10,,,15 to 20,2,,,
AMELANCHIER,2022,42.70983872,-71.14873026,10,,,15 to 20,2,,,
AMELANCHIER,2022,42.70981776,-71.14867797,10,,,15 to 20,2,,,
AMELANCHIER,2022,42.70978982,-71.14863044,10,,,15 to 20,2,,,
AMELANCHIER,2022,42.70976537,-71.14859003,10,,,15 to 20,2,,,
AMELANCHIER,2022,42.70973568,-71.14853774,10,,,15 to 20,2,,,
AMELANCHIER,2022,42.70971472,-71.14850684,10,,,15 to 20,2,,,
AMELANCHIER,2022,42.70968678,-71.14845931,10,,,15 to 20,2,,,
AMELANCHIER,2022,42.70965709,-71.14841177,10,,,15 to 20,2,,,
MALUS 'PRAIRIE FIRE',2022,42.70990509,-71.14887525,6,,,15 to 20,2,,,
MALUS 'PRAIRIE FIRE',2022,42.70994875,-71.14888476,6,,,15 to 20,2,,,
MALUS 'PRAIRIE FIRE',2022,42.7099486,-71.14896836,6,,,15 to 20,2,,,
MALUS 'PRAIRIE FIRE',2022,42.70962391,-71.14836661,6,,,15 to 20,2,,,
MALUS 'PRAIRIE FIRE',2022,42.70962216,-71.14830244,6,,,15 to 20,2,,,
MALUS 'PRAIRIE FIRE',2022,42.70958024,-71.14830006,6,,,15 to 20,2,,,
ACER RUBRUM,2022,42.70982125,-71.14882522,39,,,15 to 20,2,,,
ACER RUBRUM,2022,42.70978778,-71.14878835,39,,,15 to 20,2,,,
ACER RUBRUM,2022,42.7097507,-71.14874751,39,,,15 to 20,2,,,
ACER RUBRUM,2022,42.70971277,-71.14870572,39,,,15 to 20,2,,,
ACER RUBRUM,2022,42.70966188,-71.14864965,39,,,15 to 20,2,,,
QUERCUS RUBRA,2022,42.70960926,-71.14859169,27,,,15 to 20,2,,,
QUERCUS RUBRA,2022,42.7092561,-71.14647207,27,,,15 to 20,2,,,
QUERCUS RUBRA,2022,42.70916004,-71.14659685,27,,,15 to 20,2,,,
QUERCUS RUBRA,2022,42.70909891,-71.14669786,27,,,15 to 20,2,,,
QUERCUS RUBRA,2022,42.70911638,-71.14682859,27,,,15 to 20,2,,,
QUERCUS RUBRA,2022,42.70902469,-71.1468167,27,,,15 to 20,2,,,
QUERCUS RUBRA,2022,42.70902032,-71.14698308,27,,,15 to 20,2,,,
QUERCUS RUBRA,2022,42.70897666,-71.14709004,27,,,15 to 20,2,,,
BETULA NIGRA,2022,42.70901159,-71.14720293,21,,,15 to 20,2,,,
BETULA NIGRA,2022,42.70882384,-71.14700685,21,,,15 to 20,2,,,
BETULA NIGRA,2022,42.70879764,-71.14684641,21,,,15 to 20,2,,,
HAMAMELIS VERNALIS,2022,42.70999398,-71.14782684,15,,,15 to 20,2,,,
HAMAMELIS VERNALIS,2022,42.70912075,-71.14663844,15,,,15 to 20,2,,,
HAMAMELIS VERNALIS,2022,42.70905525,-71.1467454,15,,,15 to 20,2,,,
HAMAMELIS VERNALIS,2022,42.70884567,-71.14691772,15,,,15 to 20,2,,,
HAMAMELIS VERNALIS,2022,42.7088675,-71.14707221,15,,,15 to 20,2,,,
HAMAMELIS VERNALIS,2022,42.70994595,-71.14820713,15,,,15 to 20,2,,,
HAMAMELIS VERNALIS,2022,42.70985863,-71.14822496,15,,,15 to 20,2,,,
HAMAMELIS VERNALIS,2022,42.7098761,-71.14809423,15,,,15 to 20,2,,,
HAMAMELIS VERNALIS,2022,42.70996342,-71.14802887,15,,,15 to 20,2,,,
HAMAMELIS VERNALIS,2022,42.70989491,-71.14795034,15,,,15 to 20,2,,,
HAMAMELIS VERNALIS,2022,42.70902469,-71.14760105,15,,,15 to 20,2,,,
HAMAMELIS VERNALIS,2022,42.70956173,-71.14775554,15,,,15 to 20,2,,,
HAMAMELIS VERNALIS,2022,42.7095399,-71.14758916,15,,,15 to 20,2,,,
HAMAMELIS VERNALIS,2022,42.70969272,-71.14778525,15,,,15 to 20,2,,,
HAMAMELIS VERNALIS,2022,42.70936962,-71.14742873,15,,,15 to 20,2,,,
ACER RUBRUM,2022,42.70953764,-71.14850115,39,,,15 to 20,2,,,
LIQUIDAMBAR STYRACIFLUA,2022,42.70885877,-71.14676917,33,,,15 to 20,2,,,
LIQUIDAMBAR STYRACIFLUA,2022,42.70891117,-71.14665033,33,,,15 to 20,2,,,
LIQUIDAMBAR STYRACIFLUA,2022,42.70897666,-71.14653149,33,,,15 to 20,2,,,
LIQUIDAMBAR STYRACIFLUA,2022,42.70904652,-71.14642453,33,,,15 to 20,2,,,
LIQUIDAMBAR STYRACIFLUA,2022,42.70911638,-71.14631163,33,,,15 to 20,2,,,
LIQUIDAMBAR STYRACIFLUA,2022,42.70917314,-71.1462225,33,,,15 to 20,2,,,
PLATANUS ACERIFOLIA,2022,42.70781576,-71.18181629,61,,,15 to 20,2,,,
PLATANUS ACERIFOLIA,2022,42.70871172,-71.18192325,61,,,15 to 20,2,,,
ACER RUBRUM,2022,42.70825588,-71.18187334,39,,,15 to 20,2,,,
ACER RUBRUM,2022,42.7088951,-71.18193038,39,,,15 to 20,2,,,
QUERCUS ALBA,2022,42.70811441,-71.18185907,4,,,15 to 20,2,,,
QUERCUS ALBA,2022,42.70770573,-71.18176638,4,,,15 to 20,2,,,
LIQUIDAMBAR STYRACIFLUA,2022,42.70791531,-71.18183055,33,,,15 to 20,2,,,
LIQUIDAMBAR STYRACIFLUA,2022,42.70838687,-71.1818876,33,,,15 to 20,2,,,
LIQUIDAMBAR STYRACIFLUA,2022,42.70880603,-71.18192325,33,,,15 to 20,2,,,
QUERCUS ALBA,2022,42.70975699,-71.16027776,4,,,15 to 20,2,,,
QUERCUS ALBA,2021,42.70988972,-71.16028726,4,,,15 to 20,2,,,
